channelId,videoId,commentId,textDisplay,textOriginal,authorDisplayName,authorProfileImageUrl,authorChannelUrl,authorChannelId,canRate,viewerRating,likeCount,publishedAt,updatedAt,canReply,totalReplyCount,isPublic,replies
UCeYSnd34IPe57sM8hkjWhrw,wCm4FNSnDPs,UgyJrWIEbpPO4_XhZOx4AaABAg,"Saludos mi gente, me encanta su podcast. Deber√≠an hablar en alg√∫n cap√≠tulo sobre el gran Cal√≠gula, estoy seguro que las risas no faltar√≠an jajajajaj. Saludos desde Colombia!","Saludos mi gente, me encanta su podcast. Deber√≠an hablar en alg√∫n cap√≠tulo sobre el gran Cal√≠gula, estoy seguro que las risas no faltar√≠an jajajajaj. Saludos desde Colombia!",@diegoalejandrovidalrestrep7116,https://yt3.ggpht.com/ytc/AIdro_mwikkG2P2zvStKb9NbAmW3taNOe5jhgk5Mi_hvWaiOC6Y=s48-c-k-c0x00ffffff-no-rj,http://www.youtube.com/@diegoalejandrovidalrestrep7116,UC4J71zc7m1wWq1V6cNKKQYg,True,none,0,2024-10-13T13:42:41Z,2024-10-13T13:42:41Z,True,0,True,{}
UCeYSnd34IPe57sM8hkjWhrw,wCm4FNSnDPs,UgxLe9KGhIt05RAxbDh4AaABAg,No mms como el iker no sabe que hay una casa que se dice que vivi√≥ Benito Ju√°rez y tiene un podcasts de historia üòÇ,No mms como el iker no sabe que hay una casa que se dice que vivi√≥ Benito Ju√°rez y tiene un podcasts de historia üòÇ,@olivoek4943,https://yt3.ggpht.com/ytc/AIdro_kUpev3UoxeMEST6HoCvjFH_DgpCCzbrQK_oNUjTkthH2-WV5A-n1zN2EavYE8xZ7xOFQ=s48-c-k-c0x00ffffff-no-rj,http://www.youtube.com/@olivoek4943,UC4fA8M7r-SPeyvI5zLhmbVQ,True,none,0,2024-10-12T21:22:56Z,2024-10-12T21:22:56Z,True,0,True,{}
UCeYSnd34IPe57sM8hkjWhrw,wCm4FNSnDPs,UgzrBn0PzLMlofvBDQx4AaABAg,"Saludos chicos, los sigo desde el primer potcast en Spotify, y ahora escucho todos sus potcast mientras lavo la ropa y hago el aseo de la casa jajajaja un saludos para mis tontos favoritos ‚ù§","Saludos chicos, los sigo desde el primer potcast en Spotify, y ahora escucho todos sus potcast mientras lavo la ropa y hago el aseo de la casa jajajaja un saludos para mis tontos favoritos ‚ù§",@samuelflores3937,https://yt3.ggpht.com/ytc/AIdro_meLtS1C8gl1i7ctdw977aqXq65ZlRYz3nJcpNHxhajLNpRpb2AVHlBghoDuIef2xu6gQ=s48-c-k-c0x00ffffff-no-rj,http://www.youtube.com/@samuelflores3937,UCwX5UkZthvYlAl3cTiL63qA,True,none,0,2024-10-12T21:13:07Z,2024-10-12T21:13:07Z,True,0,True,{}
UCeYSnd34IPe57sM8hkjWhrw,wCm4FNSnDPs,UgxP2_Y9eL1G75zyKUd4AaABAg,Chavos en noviembre voy a la cmdx recomienden museos porfas :) su podcast esta coolsito ‚ù§,Chavos en noviembre voy a la cmdx recomienden museos porfas :) su podcast esta coolsito ‚ù§,@eduardogamez6331,https://yt3.ggpht.com/rJgQ2YF3EUV5U_DfIn6yX78V1heqv46qqFy7pmrXmogitM3OrkeeE6HrLVU6WOzv-9oTECd9_w=s48-c-k-c0x00ffffff-no-rj,http://www.youtube.com/@eduardogamez6331,UC2KvC57taRsC-4EznL1v8Bw,True,none,1,2024-10-12T00:40:31Z,2024-10-12T00:40:31Z,True,1,True,"{""comments"": [{""kind"": ""youtube#comment"", ""etag"": ""hbFh-HkHpSNd60h0DRapHTuohKk"", ""id"": ""UgxP2_Y9eL1G75zyKUd4AaABAg.A9TmY1CoQyLA9X5OH4i7Qj"", ""snippet"": {""channelId"": ""UCeYSnd34IPe57sM8hkjWhrw"", ""videoId"": ""wCm4FNSnDPs"", ""textDisplay"": ""El de Antropolog\u00eda e Historia en Chapultepec"", ""textOriginal"": ""El de Antropolog\u00eda e Historia en Chapultepec"", ""parentId"": ""UgxP2_Y9eL1G75zyKUd4AaABAg"", ""authorDisplayName"": ""@gerardomarin3704"", ""authorProfileImageUrl"": ""https://yt3.ggpht.com/ytc/AIdro_llsVXXNftH3IeJbqvGiarCVgu80IyChxSps7u5X2xSosc=s48-c-k-c0x00ffffff-no-rj"", ""authorChannelUrl"": ""http://www.youtube.com/@gerardomarin3704"", ""authorChannelId"": {""value"": ""UCSx1Rju_L2MpgAxcmxgSmNg""}, ""canRate"": true, ""viewerRating"": ""none"", ""likeCount"": 0, ""publishedAt"": ""2024-10-13T07:31:40Z"", ""updatedAt"": ""2024-10-13T07:31:40Z""}}]}"
UCeYSnd34IPe57sM8hkjWhrw,wCm4FNSnDPs,UgztcvCDulrMICrtect4AaABAg,Un saludo mis hermanos desde San Diego CA. Son unas unas riatas bien peludas y paradas alv. Pasado de lanza su contenido... ahuevo!!!,Un saludo mis hermanos desde San Diego CA. Son unas unas riatas bien peludas y paradas alv. Pasado de lanza su contenido... ahuevo!!!,@IRMC17,https://yt3.ggpht.com/ytc/AIdro_l01BbL5lABX-SbH32JPbtxYFTw0q_8IG6OWmxVRCh7FG4ikXjaFwgCw3dicMdaW20FGg=s48-c-k-c0x00ffffff-no-rj,http://www.youtube.com/@IRMC17,UCk3NZsBg-WBVup5OntBrhVQ,True,none,0,2024-10-11T22:50:13Z,2024-10-11T22:50:13Z,True,0,True,{}
UCeYSnd34IPe57sM8hkjWhrw,wCm4FNSnDPs,UgzjqUJ_GegyAM0U0bR4AaABAg,Hello mate,Hello mate,@isisaldivar7817,https://yt3.ggpht.com/ytc/AIdro_m9DGGEy8uJyhFMK_syYjX6IBeJjskJZDhlfv0CZcU=s48-c-k-c0x00ffffff-no-rj,http://www.youtube.com/@isisaldivar7817,UC1mpdoraCFwlC1EzNCWSWUg,True,none,0,2024-10-11T18:22:17Z,2024-10-11T18:22:17Z,True,0,True,{}
UCeYSnd34IPe57sM8hkjWhrw,wCm4FNSnDPs,UgwVNk2I_julvEVUu5V4AaABAg,Los conoc√≠ y ya solo los escucho a ustedes! Son interesantes y c√≥micos a la vez! Excelente!!<br>Tienen que escuchar los storybords de Tom√°s Rebord,"Los conoc√≠ y ya solo los escucho a ustedes! Son interesantes y c√≥micos a la vez! Excelente!!
Tienen que escuchar los storybords de Tom√°s Rebord",@lautarogerlo3771,https://yt3.ggpht.com/ytc/AIdro_nHzk2O3yfUhdgoznieCLNRuQHOiQG4iZDycJmhGKHnwYk=s48-c-k-c0x00ffffff-no-rj,http://www.youtube.com/@lautarogerlo3771,UCYTokTf35b6DPs2Q7vG6_Zg,True,none,0,2024-10-11T16:16:05Z,2024-10-11T16:16:05Z,True,0,True,{}
UCeYSnd34IPe57sM8hkjWhrw,wCm4FNSnDPs,Ugz6gH1YMy-fSY9YIaN4AaABAg,Imperio japon√©s pt4,Imperio japon√©s pt4,@ivanmelchor2889,https://yt3.ggpht.com/ytc/AIdro_nWKTGSonhM-T8UMp8LtgMeOca3WZgD7MbleE2lM08=s48-c-k-c0x00ffffff-no-rj,http://www.youtube.com/@ivanmelchor2889,UC6qmZLxUbR3ZIKT9Z2e2PCw,True,none,0,2024-10-11T15:49:35Z,2024-10-11T15:49:35Z,True,0,True,{}
UCeYSnd34IPe57sM8hkjWhrw,wCm4FNSnDPs,Ugz0IJJwwSARThjVwbZ4AaABAg,Saludos mis desconocidosü§£ü§£ espero con ganas la sorpresa que puedan dar el 28 de diciembre... El primer a√±o del podcast cuando dijeron q se terminaba!! A√∫n no lo supero,Saludos mis desconocidosü§£ü§£ espero con ganas la sorpresa que puedan dar el 28 de diciembre... El primer a√±o del podcast cuando dijeron q se terminaba!! A√∫n no lo supero,@AlbertoCortazar-vs4nw,https://yt3.ggpht.com/ytc/AIdro_n2udBzeYBteVO94AOvACDKqyHN4sBTqV2YenVzO3Y2Ic5h7sd9c1UhQi-g7V9kvb_L3A=s48-c-k-c0x00ffffff-no-rj,http://www.youtube.com/@AlbertoCortazar-vs4nw,UCavoJnHmfUqvG8mOMeInzzQ,True,none,0,2024-10-11T12:54:37Z,2024-10-11T12:54:37Z,True,0,True,{}
UCeYSnd34IPe57sM8hkjWhrw,wCm4FNSnDPs,Ugz6w-vvBvBYXbWGRYl4AaABAg,y si robin wiliams se 5uic1do para protejerse de beyonce?,y si robin wiliams se 5uic1do para protejerse de beyonce?,@LuisRodrigoLopezYhmoff,https://yt3.ggpht.com/ytc/AIdro_lH1zJmlsA1WqGJZyMpgTbIfXRnmiC714MlofQqnMaTuRgkpG4o42a60HhOGPyJpAPAuA=s48-c-k-c0x00ffffff-no-rj,http://www.youtube.com/@LuisRodrigoLopezYhmoff,UCC_GWcA2Phsr8pQIaKj_xLg,True,none,3,2024-10-11T12:22:24Z,2024-10-11T12:22:24Z,True,0,True,{}
UCeYSnd34IPe57sM8hkjWhrw,wCm4FNSnDPs,UgzjWmxpQ3WqE9E61cd4AaABAg,√öltima vez que se atrasan al subir el podcast sin avisar me quede esperando y pensando que habr√° pasado jaja,√öltima vez que se atrasan al subir el podcast sin avisar me quede esperando y pensando que habr√° pasado jaja,@manuelabasto4573,https://yt3.ggpht.com/ytc/AIdro_k-uytXZfyM_Ria9_XlSMtJQSCBbZQZVaM5HnN0usoeyQ=s48-c-k-c0x00ffffff-no-rj,http://www.youtube.com/@manuelabasto4573,UCZXATMMsEvXtT1UCCbsvzbg,True,none,0,2024-10-11T12:06:52Z,2024-10-11T12:06:52Z,True,0,True,{}
UCeYSnd34IPe57sM8hkjWhrw,wCm4FNSnDPs,UgyJ3nZr609gISgQV7F4AaABAg,Hola hola. Un par de preguntas.<br>1. Es posible un episodio de Augusto Pinochet v/s Allende?<br>2. Alg√∫n d√≠a aprender√°n a pronunciar Tarapac√°?,"Hola hola. Un par de preguntas.
1. Es posible un episodio de Augusto Pinochet v/s Allende?
2. Alg√∫n d√≠a aprender√°n a pronunciar Tarapac√°?",@woafistico,https://yt3.ggpht.com/ytc/AIdro_nWxS0fN16JO_U3H0gM29PbEfh9R_e6gyWGH1RhQHQaRw=s48-c-k-c0x00ffffff-no-rj,http://www.youtube.com/@woafistico,UCE8MlmyeondB-130MP7cI8A,True,none,2,2024-10-11T11:52:47Z,2024-10-11T11:52:47Z,True,0,True,{}
UCeYSnd34IPe57sM8hkjWhrw,wCm4FNSnDPs,UgxbxfwHX2SSySBx6MF4AaABAg,SE EST√Å HACIENDO CANON Q IKER Y TEKA HACEN EL AMOR<br>impero japon√©s parte 4 va a ser mientras se graba el s3x tape tambi√©n,"SE EST√Å HACIENDO CANON Q IKER Y TEKA HACEN EL AMOR
impero japon√©s parte 4 va a ser mientras se graba el s3x tape tambi√©n",@josueestrada6170,https://yt3.ggpht.com/ytc/AIdro_mMN3EMPm3ViIafObzQnzC8O-X7tVuKqE_Vp7Z081tOIcQD=s48-c-k-c0x00ffffff-no-rj,http://www.youtube.com/@josueestrada6170,UCxtF5gYfOjiAI57jnYUZPwQ,True,none,0,2024-10-11T06:26:14Z,2024-10-11T06:26:14Z,True,0,True,{}
UCeYSnd34IPe57sM8hkjWhrw,wCm4FNSnDPs,UgwKlLDQnWVL_LOpE1d4AaABAg,"Gracias por el podcast de la semana, mis amores. Los extra√±√© ‚ù§","Gracias por el podcast de la semana, mis amores. Los extra√±√© ‚ù§",@LadySkywalkerW,https://yt3.ggpht.com/ytc/AIdro_lwbDah96CnBihX4Y-e36Gm0TnYnOORwUSk-Wx4KTUTgw=s48-c-k-c0x00ffffff-no-rj,http://www.youtube.com/@LadySkywalkerW,UCC-kANsNvPcG9ut34SPngeg,True,none,0,2024-10-11T03:38:25Z,2024-10-11T03:38:25Z,True,0,True,{}
UCeYSnd34IPe57sM8hkjWhrw,wCm4FNSnDPs,UgzKLF5Zm0zSKCjpA594AaABAg,"Al chile que desesperaci√≥n ver la banderita mal acomodada abajo, no pude ver el video, solo escucharlo jaja","Al chile que desesperaci√≥n ver la banderita mal acomodada abajo, no pude ver el video, solo escucharlo jaja",@victorvatl149,https://yt3.ggpht.com/ytc/AIdro_lcMawsxGPkln1NhT0KjfXAGjawrFgPeeC755xELVc=s48-c-k-c0x00ffffff-no-rj,http://www.youtube.com/@victorvatl149,UCZvOWNzKMNdKGJEd7-N9oqQ,True,none,4,2024-10-11T03:33:48Z,2024-10-11T03:33:48Z,True,0,True,{}
UCeYSnd34IPe57sM8hkjWhrw,wCm4FNSnDPs,UgwDKCEWtoVetri_tht4AaABAg,"Hola tonotos, me mama el podcast. Los escucho mientras corro en el parque y as√≠ se me canso menos.<br><br>Inviten a Zunzunegui para un cap√≠tulo de los mitos m√°s famosos de la historia de M√©xico, desmientan las mamadas heroicas y de villanos que nos ense√±aban los libros de la SEP","Hola tonotos, me mama el podcast. Los escucho mientras corro en el parque y as√≠ se me canso menos.

Inviten a Zunzunegui para un cap√≠tulo de los mitos m√°s famosos de la historia de M√©xico, desmientan las mamadas heroicas y de villanos que nos ense√±aban los libros de la SEP",@carlosricardo7846,https://yt3.ggpht.com/ytc/AIdro_nZLN-vOMLDBtY_Uo5epxaWH3FbAm4dCma-eYgiRX4=s48-c-k-c0x00ffffff-no-rj,http://www.youtube.com/@carlosricardo7846,UCV0VPVA9biTi4XXTHvpQAyA,True,none,3,2024-10-11T02:54:54Z,2024-10-11T02:55:09Z,True,1,True,"{""comments"": [{""kind"": ""youtube#comment"", ""etag"": ""-3re8MIwLJPrXeDVElKUxMeZGO4"", ""id"": ""UgwDKCEWtoVetri_tht4AaABAg.A9RS7Kr88aIA9RWWx1k3_A"", ""snippet"": {""channelId"": ""UCeYSnd34IPe57sM8hkjWhrw"", ""videoId"": ""wCm4FNSnDPs"", ""textDisplay"": ""Siiiiiii estar\u00eda muy cabr\u00f3n mi hermano!!"", ""textOriginal"": ""Siiiiiii estar\u00eda muy cabr\u00f3n mi hermano!!"", ""parentId"": ""UgwDKCEWtoVetri_tht4AaABAg"", ""authorDisplayName"": ""@amilkariliammontielmolina9298"", ""authorProfileImageUrl"": ""https://yt3.ggpht.com/ytc/AIdro_lFTMfXRN71f0h-E4HpaSZDmsLKuVcE_yyfLoREXPMew0Ua=s48-c-k-c0x00ffffff-no-rj"", ""authorChannelUrl"": ""http://www.youtube.com/@amilkariliammontielmolina9298"", ""authorChannelId"": {""value"": ""UC9vr8wOEhLkL28Ch1JzYRiA""}, ""canRate"": true, ""viewerRating"": ""none"", ""likeCount"": 0, ""publishedAt"": ""2024-10-11T03:33:21Z"", ""updatedAt"": ""2024-10-11T03:33:21Z""}}]}"
UCeYSnd34IPe57sM8hkjWhrw,wCm4FNSnDPs,Ugxk3uscHfHKDj-3Hsl4AaABAg,Segundo comentario üòÅ,Segundo comentario üòÅ,@GermainVelez-w3v,https://yt3.ggpht.com/ytc/AIdro_kVfxBemKTXVOvYzuHj3r_aqBBGDF_m8iUtvR9qB3klUkFKm43FfQihtLRU7-euWiffJg=s48-c-k-c0x00ffffff-no-rj,http://www.youtube.com/@GermainVelez-w3v,UCbrPwylvOwhRI3vDkx47d8A,True,none,1,2024-10-11T01:40:11Z,2024-10-11T01:40:11Z,True,0,True,{}
UCeYSnd34IPe57sM8hkjWhrw,wCm4FNSnDPs,Ugx8Kkzvo7lQrIZXIcJ4AaABAg,Primer comentario,Primer comentario,@MartinAguilar-iv2nx,https://yt3.ggpht.com/ytc/AIdro_lMPVn-bYZHze4x8YxzN28-Vj2qW2tnuBYtXcbnuHNJ3Y-H=s48-c-k-c0x00ffffff-no-rj,http://www.youtube.com/@MartinAguilar-iv2nx,UC1QBPgmVhFzwdhYvJJIQODA,True,none,1,2024-10-11T01:37:58Z,2024-10-11T01:37:58Z,True,0,True,{}
