kind,etag,id,snippet.channelId,snippet.videoId,snippet.topLevelComment.kind,snippet.topLevelComment.etag,snippet.topLevelComment.id,snippet.topLevelComment.snippet.channelId,snippet.topLevelComment.snippet.videoId,snippet.topLevelComment.snippet.textDisplay,snippet.topLevelComment.snippet.textOriginal,snippet.topLevelComment.snippet.authorDisplayName,snippet.topLevelComment.snippet.authorProfileImageUrl,snippet.topLevelComment.snippet.authorChannelUrl,snippet.topLevelComment.snippet.authorChannelId.value,snippet.topLevelComment.snippet.canRate,snippet.topLevelComment.snippet.viewerRating,snippet.topLevelComment.snippet.likeCount,snippet.topLevelComment.snippet.publishedAt,snippet.topLevelComment.snippet.updatedAt,snippet.canReply,snippet.totalReplyCount,snippet.isPublic,replies.comments
youtube#commentThread,RrI2rbnMfR655cg8AB9yjA6PwdE,UgyJcdSGxZnjK_jYTod4AaABAg,UCeYSnd34IPe57sM8hkjWhrw,CPCN1Lqzc2U,youtube#comment,tEtYyFt_IX8h-eUWNXjkyYcwYX0,UgyJcdSGxZnjK_jYTod4AaABAg,UCeYSnd34IPe57sM8hkjWhrw,CPCN1Lqzc2U,"Lopez no muri√≥ abrazando a su hijo, su hijo era un coronel paraguayo que muri√≥ en combate el mismo d√≠a que muri√≥ Lopez, pero no murieron abrazados, que manera de decir estupideces.","Lopez no muri√≥ abrazando a su hijo, su hijo era un coronel paraguayo que muri√≥ en combate el mismo d√≠a que muri√≥ Lopez, pero no murieron abrazados, que manera de decir estupideces.",@Gabriel-dy2ct,https://yt3.ggpht.com/pAF-4Zl1kQE8wVmk2sl47QlbfqYwD19rtNTYeDGVOI0SRxDLhXxixy5pwUAGLZ1sBNVuQ7e3=s48-c-k-c0x00ffffff-no-rj,http://www.youtube.com/@Gabriel-dy2ct,UCvME1kyx_P4JRjoAyOdrRxw,True,none,0,2024-09-28T16:30:04Z,2024-09-28T16:30:04Z,True,0,True,
youtube#commentThread,KbDFCHKX9ZTDbFOToSa_MfjiOcQ,UgxXaw1348FUBJBOhft4AaABAg,UCeYSnd34IPe57sM8hkjWhrw,CPCN1Lqzc2U,youtube#comment,ol-DYPC0DxK-99me5ju_wx2ZFlY,UgxXaw1348FUBJBOhft4AaABAg,UCeYSnd34IPe57sM8hkjWhrw,CPCN1Lqzc2U,"En realidad que la historia dice que el Mcal. L√≥pez dijo &quot;Muero por mi patria&quot;<br>pero s√≠, el Conde d&#39;Eu nos quer√≠a muertos a todos :( Saludos desde Paraguay, soy nueva en el canal :3","En realidad que la historia dice que el Mcal. L√≥pez dijo ""Muero por mi patria""
pero s√≠, el Conde d'Eu nos quer√≠a muertos a todos :( Saludos desde Paraguay, soy nueva en el canal :3",@routynina,https://yt3.ggpht.com/ytc/AIdro_m1LiC-y0JAsoj0Knpj0648i3LxyZLQSVbbgFvC-hoJkCQ=s48-c-k-c0x00ffffff-no-rj,http://www.youtube.com/@routynina,UC77o4Y4qi5K69j_QqZCLYRg,True,none,0,2024-09-06T21:02:30Z,2024-09-06T21:02:30Z,True,0,True,
youtube#commentThread,C9-4CFYqhUj-4MN-jKOMgKxGGZc,UgwaOZWaDPqhOcGooMV4AaABAg,UCeYSnd34IPe57sM8hkjWhrw,CPCN1Lqzc2U,youtube#comment,LwxE7IBIkkSljQ077mqOWzkgCjg,UgwaOZWaDPqhOcGooMV4AaABAg,UCeYSnd34IPe57sM8hkjWhrw,CPCN1Lqzc2U,"<a href=""https://www.youtube.com/watch?v=CPCN1Lqzc2U&amp;t=2885"">48:05</a>  una correcci√≥n L√≥pez tuvo su culpa, pero Acosta √±u no era asi como se pinta ej√©rcito de ni√±os a la fuerza<br>Las mujeres con sus hijos decidieron seguir el ej√©rcito viendo que se violaban  mujeres y los ni√±os eran llevados como esclavos, y mas la quema de hospitales y ejecuciones de rendidos por los brasileros,  ya veian no se perdonaba la vida entonces siguen al ejercito buscando protecci√≥n. <br>Se divide en dos contingentes para llegar a un punto en com√∫n y agruparse, la 1ra los soldados, la segunda ya casi todos civiles evacuados, el 16 de agosto de 1869 ese segundo contingente es alcanzado por los brasileros y se trata de poner una defensa sobre el 3 arroyos que hab√≠a por la tactica de las termopilas que era utilizado por Paraguayos,  caen las 2 defensas y la tercera enteramente de ni√±os, era yaa lo que quedaba y los ni√±os suplicando de rodillas que no los maten, fueron masacrados y luego el campo fue quemado y se mataba a todos hasta el 20 de agosto, esa correcci√≥n es necesaria.. y la foto que ponen de ni√±os son de Colombia no de Paraguay, y los brasileros y argentinos fueron los primeros en tener ni√±os en el ej√©rcito ya que no se tenia ese pensamiento sobre ni√±o de hoy en d√≠a","48:05  una correcci√≥n L√≥pez tuvo su culpa, pero Acosta √±u no era asi como se pinta ej√©rcito de ni√±os a la fuerza
Las mujeres con sus hijos decidieron seguir el ej√©rcito viendo que se violaban  mujeres y los ni√±os eran llevados como esclavos, y mas la quema de hospitales y ejecuciones de rendidos por los brasileros,  ya veian no se perdonaba la vida entonces siguen al ejercito buscando protecci√≥n. 
Se divide en dos contingentes para llegar a un punto en com√∫n y agruparse, la 1ra los soldados, la segunda ya casi todos civiles evacuados, el 16 de agosto de 1869 ese segundo contingente es alcanzado por los brasileros y se trata de poner una defensa sobre el 3 arroyos que hab√≠a por la tactica de las termopilas que era utilizado por Paraguayos,  caen las 2 defensas y la tercera enteramente de ni√±os, era yaa lo que quedaba y los ni√±os suplicando de rodillas que no los maten, fueron masacrados y luego el campo fue quemado y se mataba a todos hasta el 20 de agosto, esa correcci√≥n es necesaria.. y la foto que ponen de ni√±os son de Colombia no de Paraguay, y los brasileros y argentinos fueron los primeros en tener ni√±os en el ej√©rcito ya que no se tenia ese pensamiento sobre ni√±o de hoy en d√≠a",@josebogado2884,https://yt3.ggpht.com/ytc/AIdro_ktf9w-_Y-Ykk2WaCOrvRvto-DqwRfZrCwkWm-etOgO-lhcHcpTYkUtyPAuK6d42C4TAw=s48-c-k-c0x00ffffff-no-rj,http://www.youtube.com/@josebogado2884,UCUdyL2Rfqjww2xqaWToEQEw,True,none,0,2024-09-03T16:01:06Z,2024-09-03T16:01:06Z,True,0,True,
youtube#commentThread,0VhsG1jamQ-t5VIZ236NN5EJ8DU,UgyTjuvpoXzDT5Yd0SF4AaABAg,UCeYSnd34IPe57sM8hkjWhrw,CPCN1Lqzc2U,youtube#comment,XqtQKLbNTRrHWJ6fWSMoqKcM93M,UgyTjuvpoXzDT5Yd0SF4AaABAg,UCeYSnd34IPe57sM8hkjWhrw,CPCN1Lqzc2U,"C√≥mo fingen mentiras de que Brasil quer√≠a diezmar a Paraguay, Brasil quer√≠a matar a Solano Lopes, es muy diferente. Brasil se apoder√≥ de Paraguay otros 6 a√±os despu√©s del final de la guerra y no volvi√≥ a matar a una sola persona. ¬øEs esta historia de que Colombia amenaz√≥ a Brasil una gran mentira, porque Colombia no ayud√≥ a Paraguay durante la guerra? ¬øEsperan poner fin a la guerra para ayudar a Paraguay?","C√≥mo fingen mentiras de que Brasil quer√≠a diezmar a Paraguay, Brasil quer√≠a matar a Solano Lopes, es muy diferente. Brasil se apoder√≥ de Paraguay otros 6 a√±os despu√©s del final de la guerra y no volvi√≥ a matar a una sola persona. ¬øEs esta historia de que Colombia amenaz√≥ a Brasil una gran mentira, porque Colombia no ayud√≥ a Paraguay durante la guerra? ¬øEsperan poner fin a la guerra para ayudar a Paraguay?",@GabrielFerreira-ob3bq,https://yt3.ggpht.com/ytc/AIdro_mhDmJmLad5wGPaw5b55tkMRC1afi3NqUXq5FNEgplgkcTn=s48-c-k-c0x00ffffff-no-rj,http://www.youtube.com/@GabrielFerreira-ob3bq,UC9F5qnc4MjXl_P4fVrCiPwg,True,none,0,2024-08-11T08:21:08Z,2024-08-11T08:21:08Z,True,1,True,"[{'kind': 'youtube#comment', 'etag': 'FHGmny_-KqmSkXIZ8OL3Y1lyA6w', 'id': 'UgyTjuvpoXzDT5Yd0SF4AaABAg.A6zxyM_Dh2YA7vtD_gEbtU', 'snippet': {'channelId': 'UCeYSnd34IPe57sM8hkjWhrw', 'videoId': 'CPCN1Lqzc2U', 'textDisplay': 'La inteligencia te sigue pero sos m√°s r√°pido incre√≠ble ni vale la pena responderte, hasta el 7 de marzo se mat√≥ en cerro cor√°, siendo que L√≥pez muri√≥ el 1ro de mes, quemaron hospitales, violaban mujeres y mataban a todos, incre√≠ble como llega la ignorancia con tal de no agarrar un libro y leerü§£ü§£ü§£', 'textOriginal': 'La inteligencia te sigue pero sos m√°s r√°pido incre√≠ble ni vale la pena responderte, hasta el 7 de marzo se mat√≥ en cerro cor√°, siendo que L√≥pez muri√≥ el 1ro de mes, quemaron hospitales, violaban mujeres y mataban a todos, incre√≠ble como llega la ignorancia con tal de no agarrar un libro y leerü§£ü§£ü§£', 'parentId': 'UgyTjuvpoXzDT5Yd0SF4AaABAg', 'authorDisplayName': '@josebogado2884', 'authorProfileImageUrl': 'https://yt3.ggpht.com/ytc/AIdro_ktf9w-_Y-Ykk2WaCOrvRvto-DqwRfZrCwkWm-etOgO-lhcHcpTYkUtyPAuK6d42C4TAw=s48-c-k-c0x00ffffff-no-rj', 'authorChannelUrl': 'http://www.youtube.com/@josebogado2884', 'authorChannelId': {'value': 'UCUdyL2Rfqjww2xqaWToEQEw'}, 'canRate': True, 'viewerRating': 'none', 'likeCount': 0, 'publishedAt': '2024-09-03T14:54:05Z', 'updatedAt': '2024-09-03T14:54:05Z'}}]"
youtube#commentThread,LB43DSJmfAMG3T7rbhIzIDHTg_g,UgyaCVaNudYBHUQBeEF4AaABAg,UCeYSnd34IPe57sM8hkjWhrw,CPCN1Lqzc2U,youtube#comment,MxmE8YoRhW7jPTGDUgWDf3JJwAs,UgyaCVaNudYBHUQBeEF4AaABAg,UCeYSnd34IPe57sM8hkjWhrw,CPCN1Lqzc2U,Hasta ahora sigue la discusi√≥n entre los historiadores de si el mariscal dijo &quot;Muero con mi patria&quot; o &quot;Muero por mi patria&quot;,"Hasta ahora sigue la discusi√≥n entre los historiadores de si el mariscal dijo ""Muero con mi patria"" o ""Muero por mi patria""",@magacosta-111,https://yt3.ggpht.com/L9zKb8ThkNj2hyh1onD0ewexw64minQhAo2-BbPxM7a1JcTZqaA4yi5BsUmm9druq_YNir7Pvw=s48-c-k-c0x00ffffff-no-rj,http://www.youtube.com/@magacosta-111,UCv9kUN-2wWkb1Uy0ptYE5Ag,True,none,0,2024-07-25T14:09:17Z,2024-07-25T14:09:17Z,True,1,True,"[{'kind': 'youtube#comment', 'etag': 'vaLNlQmIUxZBwMYJjlxbxpOiGPg', 'id': 'UgyaCVaNudYBHUQBeEF4AaABAg.A6JoIQWNkUHA7w0-1TheQN', 'snippet': {'channelId': 'UCeYSnd34IPe57sM8hkjWhrw', 'videoId': 'CPCN1Lqzc2U', 'textDisplay': 'Lo m√°s probable es muero con mi patria,  porque viendo que mataban a civiles, y el tratado dec√≠a que se repartirian territorios, capaz pensaba que con su muerte el Paraguay desapareceria', 'textOriginal': 'Lo m√°s probable es muero con mi patria,  porque viendo que mataban a civiles, y el tratado dec√≠a que se repartirian territorios, capaz pensaba que con su muerte el Paraguay desapareceria', 'parentId': 'UgyaCVaNudYBHUQBeEF4AaABAg', 'authorDisplayName': '@josebogado2884', 'authorProfileImageUrl': 'https://yt3.ggpht.com/ytc/AIdro_ktf9w-_Y-Ykk2WaCOrvRvto-DqwRfZrCwkWm-etOgO-lhcHcpTYkUtyPAuK6d42C4TAw=s48-c-k-c0x00ffffff-no-rj', 'authorChannelUrl': 'http://www.youtube.com/@josebogado2884', 'authorChannelId': {'value': 'UCUdyL2Rfqjww2xqaWToEQEw'}, 'canRate': True, 'viewerRating': 'none', 'likeCount': 0, 'publishedAt': '2024-09-03T16:02:00Z', 'updatedAt': '2024-09-03T16:02:00Z'}}]"
youtube#commentThread,pqhV_d9EKPu8fa1B7dO7kOibOOg,UgycQOUjn8jozhLvEoF4AaABAg,UCeYSnd34IPe57sM8hkjWhrw,CPCN1Lqzc2U,youtube#comment,qj-siZGwhdgvJx4Gh27rWHxmsGQ,UgycQOUjn8jozhLvEoF4AaABAg,UCeYSnd34IPe57sM8hkjWhrw,CPCN1Lqzc2U,La proxima hablen de la guerra del Chaco pero ya con clases de pronunciaci√≥n de guarani porfi,La proxima hablen de la guerra del Chaco pero ya con clases de pronunciaci√≥n de guarani porfi,@magacosta-111,https://yt3.ggpht.com/L9zKb8ThkNj2hyh1onD0ewexw64minQhAo2-BbPxM7a1JcTZqaA4yi5BsUmm9druq_YNir7Pvw=s48-c-k-c0x00ffffff-no-rj,http://www.youtube.com/@magacosta-111,UCv9kUN-2wWkb1Uy0ptYE5Ag,True,none,0,2024-07-25T13:49:01Z,2024-07-25T13:49:01Z,True,0,True,
youtube#commentThread,1338mwjf9xViSeEeOasF1c_VjQ4,Ugww7vOKO7fVnoaCJJ14AaABAg,UCeYSnd34IPe57sM8hkjWhrw,CPCN1Lqzc2U,youtube#comment,Ho8odaVaYp2LiFaoNEZfaiEAQys,Ugww7vOKO7fVnoaCJJ14AaABAg,UCeYSnd34IPe57sM8hkjWhrw,CPCN1Lqzc2U,"me vine directo del episodio de la guerra de la triple alianza 1, los quiero mucho, toca hablar de lo pendejo que fue Solano L√≥pez","me vine directo del episodio de la guerra de la triple alianza 1, los quiero mucho, toca hablar de lo pendejo que fue Solano L√≥pez",@magacosta-111,https://yt3.ggpht.com/L9zKb8ThkNj2hyh1onD0ewexw64minQhAo2-BbPxM7a1JcTZqaA4yi5BsUmm9druq_YNir7Pvw=s48-c-k-c0x00ffffff-no-rj,http://www.youtube.com/@magacosta-111,UCv9kUN-2wWkb1Uy0ptYE5Ag,True,none,0,2024-07-25T02:03:29Z,2024-07-25T02:03:29Z,True,0,True,
youtube#commentThread,_zon61d6AfZC5i8k2kiFViNUeb8,UgxAEvPS6kNNFC-WClF4AaABAg,UCeYSnd34IPe57sM8hkjWhrw,CPCN1Lqzc2U,youtube#comment,8bWK6MB8DkQ4SCSg8bxwavYBogw,UgxAEvPS6kNNFC-WClF4AaABAg,UCeYSnd34IPe57sM8hkjWhrw,CPCN1Lqzc2U,Muy buen podcast espera ansioso esta parte #2.<br><br>Hablen de la separacion de Yucatan que actualmente creo es el unico estado mexicano que tiene su bandera propia y que recientemente caus√≥ polemica por que en las recientes campa√±as electorales el PAN iz√≥ en varias puntos de la ciudad dicha bandera...separatista jaja.,"Muy buen podcast espera ansioso esta parte #2.

Hablen de la separacion de Yucatan que actualmente creo es el unico estado mexicano que tiene su bandera propia y que recientemente caus√≥ polemica por que en las recientes campa√±as electorales el PAN iz√≥ en varias puntos de la ciudad dicha bandera...separatista jaja.",@Alvaro-ql9ye,https://yt3.ggpht.com/ytc/AIdro_lKb2EuvqR00quiveNVpu8IvTdE9kKtZyqibkbqtIY=s48-c-k-c0x00ffffff-no-rj,http://www.youtube.com/@Alvaro-ql9ye,UCtsWYTInEgNWxLauN7e-osg,True,none,0,2024-07-17T22:08:26Z,2024-07-17T22:08:26Z,True,0,True,
youtube#commentThread,ZdkPfSxsH5vkxoP2CI6_rsmkpHQ,UgypgiIq8ZlDoBU-w-N4AaABAg,UCeYSnd34IPe57sM8hkjWhrw,CPCN1Lqzc2U,youtube#comment,pXTRWGe1cSr6HqvWEr1HKLHKdL4,UgypgiIq8ZlDoBU-w-N4AaABAg,UCeYSnd34IPe57sM8hkjWhrw,CPCN1Lqzc2U,"Tuve que venir a YT porque los √∫ltimos episodios de Spotify tienen un audio muy muy bajo y no los escucho mientras ando trabajando, ¬øes una estrategia para que tengamos que venir a YT en contra de nuestra voluntad a escuchar anuncios? üò¢üò¢","Tuve que venir a YT porque los √∫ltimos episodios de Spotify tienen un audio muy muy bajo y no los escucho mientras ando trabajando, ¬øes una estrategia para que tengamos que venir a YT en contra de nuestra voluntad a escuchar anuncios? üò¢üò¢",@platas_alberto,https://yt3.ggpht.com/ytc/AIdro_lGugSBfhTW-6g919C7mUqcnFldajJ8qX8u9eA1vAoGv_8=s48-c-k-c0x00ffffff-no-rj,http://www.youtube.com/@platas_alberto,UCf5LRsgYdN6pdemBuIvwasQ,True,none,0,2024-07-11T02:51:37Z,2024-07-11T02:51:37Z,True,0,True,
youtube#commentThread,psdjdaBLMfPRTuvL4hWQSGM64hY,Ugy4LPCx81lS2X_xEIZ4AaABAg,UCeYSnd34IPe57sM8hkjWhrw,CPCN1Lqzc2U,youtube#comment,xQ8gQ6xnS9OECluR93GSJPRjh4o,Ugy4LPCx81lS2X_xEIZ4AaABAg,UCeYSnd34IPe57sM8hkjWhrw,CPCN1Lqzc2U,Ya van 2 semanas y no suben video ¬øcomo me voy hacer wey en el jale si no es vi√©ndolos a ustedes ‚ù§?,Ya van 2 semanas y no suben video ¬øcomo me voy hacer wey en el jale si no es vi√©ndolos a ustedes ‚ù§?,@DanielRomero-qe5lk,https://yt3.ggpht.com/ytc/AIdro_mQQHf9WQhvQzdhS_PVQaeXiJ-IP_1fMyvpNwZuxg-I0A=s48-c-k-c0x00ffffff-no-rj,http://www.youtube.com/@DanielRomero-qe5lk,UC6Owc4BWaqe3OFE07dxIXDA,True,none,0,2024-07-08T18:50:25Z,2024-07-08T18:50:25Z,True,0,True,
youtube#commentThread,hW2SdHTvCnoEyXn_jwYsD1a17YY,Ugyv4NHMJ5GVJPdmEgJ4AaABAg,UCeYSnd34IPe57sM8hkjWhrw,CPCN1Lqzc2U,youtube#comment,ojd8HKPZs8-J1CF_wcNmMforLcw,Ugyv4NHMJ5GVJPdmEgJ4AaABAg,UCeYSnd34IPe57sM8hkjWhrw,CPCN1Lqzc2U,"Llevo escuchando este podcast desde Spotify hace como 2 a√±os y es primera vez que vengo a ver sus caritas a Youtube. Estoy impactada porque no me los imaginaba as√≠, pero gratamente sorprendida jajaja Adem√°s est√° divertido ver las im√°genes de lo que mencionan aqu√≠, aunque este tema estuvo bastante violento. En fin, probablemente me cambio a verlos por Youtube. ¬°Saludos desde Chile! :) &lt;3","Llevo escuchando este podcast desde Spotify hace como 2 a√±os y es primera vez que vengo a ver sus caritas a Youtube. Estoy impactada porque no me los imaginaba as√≠, pero gratamente sorprendida jajaja Adem√°s est√° divertido ver las im√°genes de lo que mencionan aqu√≠, aunque este tema estuvo bastante violento. En fin, probablemente me cambio a verlos por Youtube. ¬°Saludos desde Chile! :) <3",@Gabriella_AGL,https://yt3.ggpht.com/ytc/AIdro_lAunbuRDcw4vzAe352oH4J2fyOX-x_Fg5qxkCZSUWfDj_M=s48-c-k-c0x00ffffff-no-rj,http://www.youtube.com/@Gabriella_AGL,UCPm0TAdNZ0Dl_m2nvpwnL1g,True,none,1,2024-07-07T20:08:31Z,2024-07-07T20:08:31Z,True,0,True,
youtube#commentThread,LmAZ_s5G3DBz-xZhlWPL5a06sfU,Ugyk29UZLBMEtcQBkax4AaABAg,UCeYSnd34IPe57sM8hkjWhrw,CPCN1Lqzc2U,youtube#comment,3bWNxfm1Pox7ylOH618LG9v-ysA,Ugyk29UZLBMEtcQBkax4AaABAg,UCeYSnd34IPe57sM8hkjWhrw,CPCN1Lqzc2U,"Realmente la historia es un poco mas compleja, en los a√±os de la postguerra brasil negocio directamente con Paraguay y hasta le dio apoyo para que se defendiera en el arbitraje por el Chaco. El inter√©s estrat√©gico del Brasil no era eliminar al Paraguay sino dejarlo establecido como un estado colchon entre Brasil y la Argentina, cosa que finalmente paso al falla el presidente Hayes a favor del Paraguay.","Realmente la historia es un poco mas compleja, en los a√±os de la postguerra brasil negocio directamente con Paraguay y hasta le dio apoyo para que se defendiera en el arbitraje por el Chaco. El inter√©s estrat√©gico del Brasil no era eliminar al Paraguay sino dejarlo establecido como un estado colchon entre Brasil y la Argentina, cosa que finalmente paso al falla el presidente Hayes a favor del Paraguay.",@josetriniq,https://yt3.ggpht.com/8jBwl7XVAlp-DezL1H_h71juY7Bow2lgjBMNf0_7M5XWEgJpg0AW1lzIFDjvR9LdSjrSLkVY=s48-c-k-c0x00ffffff-no-rj,http://www.youtube.com/@josetriniq,UCXyTzuuu6gsPWOCAcuEGNdQ,True,none,1,2024-07-07T05:20:51Z,2024-07-07T05:20:51Z,True,0,True,
youtube#commentThread,bYZZ55hNu3iE3K3MHkb8CtYYv4U,UgylfYSTLBQiAnIkk1V4AaABAg,UCeYSnd34IPe57sM8hkjWhrw,CPCN1Lqzc2U,youtube#comment,-Fu5HmbXtX9o4Tbp3QsA0qk1Fb8,UgylfYSTLBQiAnIkk1V4AaABAg,UCeYSnd34IPe57sM8hkjWhrw,CPCN1Lqzc2U,Saben que es lo mejor de que youtube no te notifique es que puedes hacer un mega marat√≥n de Historia para tontos. Acabo de escuchar los √∫ltimos 5 podcast. Los quiero mucho.,Saben que es lo mejor de que youtube no te notifique es que puedes hacer un mega marat√≥n de Historia para tontos. Acabo de escuchar los √∫ltimos 5 podcast. Los quiero mucho.,@Lupis788,https://yt3.ggpht.com/FLHsyoL26GVhP_EgSaqYAH0VIZS9-Sj17yPzpD9w4VAPWd9bPcYFW4Iv3lhj9PGwfI13RIYdCA=s48-c-k-c0x00ffffff-no-rj,http://www.youtube.com/@Lupis788,UCoe-19PIs3CznahFMTd2cSA,True,none,0,2024-07-05T15:36:05Z,2024-07-05T15:36:05Z,True,0,True,
youtube#commentThread,4x9N1SHZo5yPhg-m4z6DAX1OIjM,Ugz5nXRg1PI0yPD1_0R4AaABAg,UCeYSnd34IPe57sM8hkjWhrw,CPCN1Lqzc2U,youtube#comment,tY0miDcR5DbZm_NXDxOv028Ue4E,Ugz5nXRg1PI0yPD1_0R4AaABAg,UCeYSnd34IPe57sM8hkjWhrw,CPCN1Lqzc2U,"No es GUERRA DEL GUAS√ö, es simplemente GUERRA GUASU, que en guaran√≠ significa GUERRA GRANDE","No es GUERRA DEL GUAS√ö, es simplemente GUERRA GUASU, que en guaran√≠ significa GUERRA GRANDE",@Pulgoso000,https://yt3.ggpht.com/ytc/AIdro_maONhZHZlpg2_XtG8Mj9c774jIJUOzCxwx8fqYpV4=s48-c-k-c0x00ffffff-no-rj,http://www.youtube.com/@Pulgoso000,UCzlMd7dF3npYPDnCk-V60rQ,True,none,2,2024-07-02T18:27:15Z,2024-07-02T18:27:15Z,True,0,True,
youtube#commentThread,0DNSLxIh-vocon0l3wS6mOyQ1ng,Ugx3D2a3aGDcGuFiHsR4AaABAg,UCeYSnd34IPe57sM8hkjWhrw,CPCN1Lqzc2U,youtube#comment,VP-RaJmxlrOTX0PzxKlBQ49za6c,Ugx3D2a3aGDcGuFiHsR4AaABAg,UCeYSnd34IPe57sM8hkjWhrw,CPCN1Lqzc2U,Que bueno les qued√≥ el podcast sigan as√≠.,Que bueno les qued√≥ el podcast sigan as√≠.,@AndresDamirAvila,https://yt3.ggpht.com/ytc/AIdro_lqULl_zl4kd2Kqu-NGfQAeRgktPwzB-Z0A1Snc5T96-MRs7PMnyyGHCmsAyOOuHNpt5Q=s48-c-k-c0x00ffffff-no-rj,http://www.youtube.com/@AndresDamirAvila,UCKksN2HxltZHHp4b7jNUQmw,True,none,0,2024-07-02T00:48:36Z,2024-07-02T00:48:36Z,True,0,True,
youtube#commentThread,leN3fhQRz0sr4tC0pJgH4yEXa1k,UgzuqQiZbFDfpQesmd14AaABAg,UCeYSnd34IPe57sM8hkjWhrw,CPCN1Lqzc2U,youtube#comment,9fOgf5osHTS_JX3AshE7AHDD_9g,UgzuqQiZbFDfpQesmd14AaABAg,UCeYSnd34IPe57sM8hkjWhrw,CPCN1Lqzc2U,Imperio japon√©s pt4 plis <br><br>Gracias por leerme ‚ù§,"Imperio japon√©s pt4 plis 

Gracias por leerme ‚ù§",@ivanmelchor2889,https://yt3.ggpht.com/ytc/AIdro_nWKTGSonhM-T8UMp8LtgMeOca3WZgD7MbleE2lM08=s48-c-k-c0x00ffffff-no-rj,http://www.youtube.com/@ivanmelchor2889,UC6qmZLxUbR3ZIKT9Z2e2PCw,True,none,0,2024-07-01T04:08:37Z,2024-07-01T04:08:37Z,True,0,True,
youtube#commentThread,v7cFhpncpgHhaOyFmLpPeL91EhY,Ugz8qzXZWGcF1Q2IxTN4AaABAg,UCeYSnd34IPe57sM8hkjWhrw,CPCN1Lqzc2U,youtube#comment,yEzMN9UDrrajRhmLEldQxrqxI9c,Ugz8qzXZWGcF1Q2IxTN4AaABAg,UCeYSnd34IPe57sM8hkjWhrw,CPCN1Lqzc2U,A veces parece que teca est√° enojado con su compa,A veces parece que teca est√° enojado con su compa,@gonzaloflores6700,https://yt3.ggpht.com/ytc/AIdro_kbLUL5F-FxkImj0cQ0K1_5N1YAhWsIvYi3sjqIMrQ=s48-c-k-c0x00ffffff-no-rj,http://www.youtube.com/@gonzaloflores6700,UCCOBqv2uAPisuIH_LtaqYFg,True,none,0,2024-06-30T17:43:09Z,2024-06-30T17:43:09Z,True,0,True,
youtube#commentThread,aRkaHFDd0BNIxrJTI5PfpkFww5A,UgzoyuOcV5hg2KaW2QZ4AaABAg,UCeYSnd34IPe57sM8hkjWhrw,CPCN1Lqzc2U,youtube#comment,N28ME4jVR4jPeCVPgKAO-Ge9cWI,UgzoyuOcV5hg2KaW2QZ4AaABAg,UCeYSnd34IPe57sM8hkjWhrw,CPCN1Lqzc2U,"Saludos teca üòç, he aprendido m√°s con ustedes que en la escuela, saludos de ya saben donde üêüüê†üê†","Saludos teca üòç, he aprendido m√°s con ustedes que en la escuela, saludos de ya saben donde üêüüê†üê†",@lizbethdiaz9258,https://yt3.ggpht.com/DRhRx-H0eOw2kC9nUmelcg_v2e6XabZwWyOQRymGs_L2eRtv71Eb0YqmgdX84pNe7NLJwdxQvQ=s48-c-k-c0x00ffffff-no-rj,http://www.youtube.com/@lizbethdiaz9258,UCciS5pSY4uBv5AmLxkBI9Ug,True,none,0,2024-06-30T02:30:05Z,2024-06-30T02:30:05Z,True,0,True,
youtube#commentThread,ktICcHm9tx_fah0LdooFrSKA9AQ,UgxMVTfnCXZM19t2UFJ4AaABAg,UCeYSnd34IPe57sM8hkjWhrw,CPCN1Lqzc2U,youtube#comment,Ck9pk8Yk6QvCv9klspcvvM5-vRw,UgxMVTfnCXZM19t2UFJ4AaABAg,UCeYSnd34IPe57sM8hkjWhrw,CPCN1Lqzc2U,La primera presidenta de Mexico fue Guadalupe Victoria,La primera presidenta de Mexico fue Guadalupe Victoria,@rata.aliada,https://yt3.ggpht.com/ytc/AIdro_lweYsdVAhA-8LTqZ0lDtzuwOt-MoWCIvvHTzmB8U0TbNUu=s48-c-k-c0x00ffffff-no-rj,http://www.youtube.com/@rata.aliada,UCT9k0_mKboFZmwOz1Qpmlyw,True,none,0,2024-06-29T18:32:43Z,2024-06-29T18:32:43Z,True,0,True,
youtube#commentThread,-fV9PNl4yASFrxioNXfrbx_xy3Q,UgypLcog_78O0EUK9wV4AaABAg,UCeYSnd34IPe57sM8hkjWhrw,CPCN1Lqzc2U,youtube#comment,uZT7yBavuVYcSNqrPmWdhu8gl5A,UgypLcog_78O0EUK9wV4AaABAg,UCeYSnd34IPe57sM8hkjWhrw,CPCN1Lqzc2U,"oigan para cuando el capitulo de Guatemala, quiero saber porque tengo que enojarme cuando me molestan.","oigan para cuando el capitulo de Guatemala, quiero saber porque tengo que enojarme cuando me molestan.",@FredyPar,https://yt3.ggpht.com/ytc/AIdro_mOooBc1iBXdJkuShfCMWMUCff3wyF5DUNdtB2ZBtnySmk=s48-c-k-c0x00ffffff-no-rj,http://www.youtube.com/@FredyPar,UCNxTqTtusMnNLxwrTDFQ5hQ,True,none,0,2024-06-29T17:38:14Z,2024-06-29T17:38:14Z,True,0,True,
youtube#commentThread,vHeAA3AuRQWRVYy1jUyiqTVEmVM,UgztEaGGbIXMRlcszJZ4AaABAg,UCeYSnd34IPe57sM8hkjWhrw,CPCN1Lqzc2U,youtube#comment,nlIqbG84JYDuxx4u4A_XMGVQgow,UgztEaGGbIXMRlcszJZ4AaABAg,UCeYSnd34IPe57sM8hkjWhrw,CPCN1Lqzc2U,"Chekeen sus enlaces de internet, todo lo le√≠do fue hecho por los vecedores, primero lean libros para hablar de esto que a mi pa√≠s casi lo destruye, y no sagan con cualquier chingadera, Gracias","Chekeen sus enlaces de internet, todo lo le√≠do fue hecho por los vecedores, primero lean libros para hablar de esto que a mi pa√≠s casi lo destruye, y no sagan con cualquier chingadera, Gracias",@diegodaviddiazaranda917,https://yt3.ggpht.com/ytc/AIdro_n7LPvNfoXwN0sy8ytNoBV07WR_XllECyQAg4hfc5vKNEs=s48-c-k-c0x00ffffff-no-rj,http://www.youtube.com/@diegodaviddiazaranda917,UC329n9ewxYVxEydXTEWNi4Q,True,none,0,2024-06-29T00:07:56Z,2024-06-29T00:07:56Z,True,1,True,"[{'kind': 'youtube#comment', 'etag': 'kvyi0Qp4NtizWeW-dvTMDVD2z5E', 'id': 'UgztEaGGbIXMRlcszJZ4AaABAg.A5FMLWZIOwsA5_XPih6wNT', 'snippet': {'channelId': 'UCeYSnd34IPe57sM8hkjWhrw', 'videoId': 'CPCN1Lqzc2U', 'textDisplay': 'Pero si el relato fue bien equilibrado. Yo soy Paraguayo y evidentemente se pasaron muchos detalles, pero no le puedo pedir precisi√≥n a personas que no son de ac√°. Se agradece el esfuerzo por visibilizar un conflicto que no debe ser olvidado jam√°s.', 'textOriginal': 'Pero si el relato fue bien equilibrado. Yo soy Paraguayo y evidentemente se pasaron muchos detalles, pero no le puedo pedir precisi√≥n a personas que no son de ac√°. Se agradece el esfuerzo por visibilizar un conflicto que no debe ser olvidado jam√°s.', 'parentId': 'UgztEaGGbIXMRlcszJZ4AaABAg', 'authorDisplayName': '@josetriniq', 'authorProfileImageUrl': 'https://yt3.ggpht.com/8jBwl7XVAlp-DezL1H_h71juY7Bow2lgjBMNf0_7M5XWEgJpg0AW1lzIFDjvR9LdSjrSLkVY=s48-c-k-c0x00ffffff-no-rj', 'authorChannelUrl': 'http://www.youtube.com/@josetriniq', 'authorChannelId': {'value': 'UCXyTzuuu6gsPWOCAcuEGNdQ'}, 'canRate': True, 'viewerRating': 'none', 'likeCount': 0, 'publishedAt': '2024-07-07T05:28:41Z', 'updatedAt': '2024-07-07T05:28:41Z'}}]"
youtube#commentThread,Zm5OxrQRDzLnXmSAwv7-Ru_b_Jg,UgzlK9U7vEofeOS2X7d4AaABAg,UCeYSnd34IPe57sM8hkjWhrw,CPCN1Lqzc2U,youtube#comment,E7QRVWOQvBs6kDHeTZffMkhI-Vs,UgzlK9U7vEofeOS2X7d4AaABAg,UCeYSnd34IPe57sM8hkjWhrw,CPCN1Lqzc2U,"Pregunta seria ¬ø A que se debe que haya varios cap√≠tulos de separaci√≥n entre la parte 1 y la parte 2 ,<br>de un tema?","Pregunta seria ¬ø A que se debe que haya varios cap√≠tulos de separaci√≥n entre la parte 1 y la parte 2 ,
de un tema?",@gustavohernandez6046,https://yt3.ggpht.com/ytc/AIdro_lGrcofUALTcp7GmgXzG4pLHF6T7XUfdjuuEmwkNog=s48-c-k-c0x00ffffff-no-rj,http://www.youtube.com/@gustavohernandez6046,UCiAdxF6KCxuxr9L-EKe8KkA,True,none,0,2024-06-28T22:23:53Z,2024-06-28T22:24:13Z,True,0,True,
youtube#commentThread,e5DeKjNaI21xRyIUaP9t69Yecy4,Ugy-dM8Gi-dIaUemXzN4AaABAg,UCeYSnd34IPe57sM8hkjWhrw,CPCN1Lqzc2U,youtube#comment,LF30q-At4f3-0kmfqwSGBoPoZ0Y,Ugy-dM8Gi-dIaUemXzN4AaABAg,UCeYSnd34IPe57sM8hkjWhrw,CPCN1Lqzc2U,"Argentina no ten√≠a problemas con chile por la patagonia en esta √©poca. Porque la patagonia no era chilena ni argentina, era territorio indio. Hasta la campa√±a del desierto de 1880 que Argentina conquista casi toda la patagonia mientras chile estaba en la guerra del pacifico","Argentina no ten√≠a problemas con chile por la patagonia en esta √©poca. Porque la patagonia no era chilena ni argentina, era territorio indio. Hasta la campa√±a del desierto de 1880 que Argentina conquista casi toda la patagonia mientras chile estaba en la guerra del pacifico",@Ragnarok_-sm6vo,https://yt3.ggpht.com/rVpYe8OYStguBOWP1QFb34IkafTx5fzA7uu5zH8clBqBio_ZwXbwwzQ1hLlDeLQ2Nk56gHYc=s48-c-k-c0x00ffffff-no-rj,http://www.youtube.com/@Ragnarok_-sm6vo,UChmSO6TPmeZ4OXRzBF2PjyQ,True,none,1,2024-06-28T15:22:38Z,2024-06-28T15:22:38Z,True,1,True,"[{'kind': 'youtube#comment', 'etag': 'uSUiWrLrLtA4EqbXvY9hlw3qtGc', 'id': 'Ugy-dM8Gi-dIaUemXzN4AaABAg.A5EQE6s9fQBA5EUfU4RMw5', 'snippet': {'channelId': 'UCeYSnd34IPe57sM8hkjWhrw', 'videoId': 'CPCN1Lqzc2U', 'textDisplay': 'De echo. El tema de &quot;La campa√±a del desierto&quot; es muy interesante... B√°sicamente gobierno argentino asesina casi erradica a los aborigenes de la patagonia. El casi m√°s conocido o el m√°s nombrado es el de los Quilmes', 'textOriginal': 'De echo. El tema de ""La campa√±a del desierto"" es muy interesante... B√°sicamente gobierno argentino asesina casi erradica a los aborigenes de la patagonia. El casi m√°s conocido o el m√°s nombrado es el de los Quilmes', 'parentId': 'Ugy-dM8Gi-dIaUemXzN4AaABAg', 'authorDisplayName': '@Ragnarok_-sm6vo', 'authorProfileImageUrl': 'https://yt3.ggpht.com/rVpYe8OYStguBOWP1QFb34IkafTx5fzA7uu5zH8clBqBio_ZwXbwwzQ1hLlDeLQ2Nk56gHYc=s48-c-k-c0x00ffffff-no-rj', 'authorChannelUrl': 'http://www.youtube.com/@Ragnarok_-sm6vo', 'authorChannelId': {'value': 'UChmSO6TPmeZ4OXRzBF2PjyQ'}, 'canRate': True, 'viewerRating': 'none', 'likeCount': 0, 'publishedAt': '2024-06-28T16:01:28Z', 'updatedAt': '2024-06-28T16:01:28Z'}}]"
youtube#commentThread,PdGw3CXCjtU4ekN_KxLaDCIRQ3Y,Ugz2bmW-vx-HZBI2Dgp4AaABAg,UCeYSnd34IPe57sM8hkjWhrw,CPCN1Lqzc2U,youtube#comment,KN7gF9VL1qij69_i9oh9VR2KFF8,Ugz2bmW-vx-HZBI2Dgp4AaABAg,UCeYSnd34IPe57sM8hkjWhrw,CPCN1Lqzc2U,Llevo a√±os escuchando este podcast,Llevo a√±os escuchando este podcast,@DylanArmandoArteagaBerna-en4we,https://yt3.ggpht.com/msO9NpLnJkYJW56ICQwgUDpoj8LF8mwCjOfzyx1D7V7cRK58DkpnztHMdk3wjfZ0igYlV-OKlJo=s48-c-k-c0x00ffffff-no-rj,http://www.youtube.com/@DylanArmandoArteagaBerna-en4we,UCmTKzQbwfTKe48F_vGGBFQw,True,none,0,2024-06-28T15:04:28Z,2024-06-28T15:04:28Z,True,0,True,
youtube#commentThread,wNF_j6xYFU-EZmXE7dwaEsQ3Xd0,Ugx6qLiKooOrevhBZYR4AaABAg,UCeYSnd34IPe57sM8hkjWhrw,CPCN1Lqzc2U,youtube#comment,h6D-_MCTZHl5pI8S8KbQdqeQiKI,Ugx6qLiKooOrevhBZYR4AaABAg,UCeYSnd34IPe57sM8hkjWhrw,CPCN1Lqzc2U,No me quisieron comprar mi voto üò¢,No me quisieron comprar mi voto üò¢,@mariouzielolivarescruz7257,https://yt3.ggpht.com/ytc/AIdro_kmJoKrA-6nlYDRLXP929N61UM6E86UoCtrZ-TBBG6Yuqc=s48-c-k-c0x00ffffff-no-rj,http://www.youtube.com/@mariouzielolivarescruz7257,UCvwdkp-7AzIR_qHgd43GFyA,True,none,0,2024-06-28T14:39:44Z,2024-06-28T14:39:44Z,True,0,True,
youtube#commentThread,btqHE9lasXfRsF7BJvbQOI6z6Y4,UgwA-uhdT4FlYBfLXq54AaABAg,UCeYSnd34IPe57sM8hkjWhrw,CPCN1Lqzc2U,youtube#comment,Jzdxf0LsqTZLoILOlEMveUDRqSA,UgwA-uhdT4FlYBfLXq54AaABAg,UCeYSnd34IPe57sM8hkjWhrw,CPCN1Lqzc2U,"Dato curioso es que a√±os antes de la Triple Alianza, Solano L√≥pez fue mediador entre Urquiza (general de las provincias) y Mitre para llegar a la paz y la posterior reunificaci√≥n de la Argentina. Muchos dicen que por eso L√≥pez pensaba que iba a poder pasar sus tropas por Argentina sin problema.","Dato curioso es que a√±os antes de la Triple Alianza, Solano L√≥pez fue mediador entre Urquiza (general de las provincias) y Mitre para llegar a la paz y la posterior reunificaci√≥n de la Argentina. Muchos dicen que por eso L√≥pez pensaba que iba a poder pasar sus tropas por Argentina sin problema.",@Terere619,https://yt3.ggpht.com/ytc/AIdro_lp9OQ-_ykMGuXZ9KrcKyPSm9kA9vB9cMF5T5UXie-0OmMMmgygTjG1BuATiGxiSrkuCQ=s48-c-k-c0x00ffffff-no-rj,http://www.youtube.com/@Terere619,UCdrzcolurbsvfXHhQgoDC9w,True,none,1,2024-06-28T11:11:58Z,2024-06-28T11:11:58Z,True,0,True,
youtube#commentThread,tlrXcyE7SEwXtAhXATDtW2ELVQ8,UgxjahD8YRGKjVXXx3d4AaABAg,UCeYSnd34IPe57sM8hkjWhrw,CPCN1Lqzc2U,youtube#comment,zl5kEA3YEm3i14PR0CFHGpj_7EY,UgxjahD8YRGKjVXXx3d4AaABAg,UCeYSnd34IPe57sM8hkjWhrw,CPCN1Lqzc2U,Lo peor no fue eso sino 50 a√±os despues paraguay tambien sufrio la peor guerra internacional del siglo xx en america la guerra del chaco,Lo peor no fue eso sino 50 a√±os despues paraguay tambien sufrio la peor guerra internacional del siglo xx en america la guerra del chaco,@elviotoledo8757,https://yt3.ggpht.com/Z-cdOSDnoOHvozCQ37Ma9nGC_tsTpJwXRciP_gNlob7mtn-cKCdOdiq3FOFk6HeJPeWIVJvY8Ko=s48-c-k-c0x00ffffff-no-rj,http://www.youtube.com/@elviotoledo8757,UCEi435Aishl7fLSLkXhoqNQ,True,none,0,2024-06-28T01:12:04Z,2024-06-28T01:12:04Z,True,0,True,
youtube#commentThread,dPQIhfKz8XE84Bitn4FRbwWur_0,Ugzo4E2Uw4pqN1BlM8V4AaABAg,UCeYSnd34IPe57sM8hkjWhrw,CPCN1Lqzc2U,youtube#comment,IH3d43eumlustK9ISFayDe1a95Q,Ugzo4E2Uw4pqN1BlM8V4AaABAg,UCeYSnd34IPe57sM8hkjWhrw,CPCN1Lqzc2U,No fue mi patria muere conmigo<br>DIJO<br>MUERO POR MI PATRIA,"No fue mi patria muere conmigo
DIJO
MUERO POR MI PATRIA",@ppiraino1,https://yt3.ggpht.com/ytc/AIdro_l4LuQ8A1KQhaqoEMak7S4b1kztdbKAGrOdVsQlr1qAHPmN=s48-c-k-c0x00ffffff-no-rj,http://www.youtube.com/@ppiraino1,UCmie--53Zi_-dPkYnWIDxpg,True,none,0,2024-06-27T19:32:27Z,2024-06-27T19:32:27Z,True,2,True,"[{'kind': 'youtube#comment', 'etag': '7ZD-S635XwJoigbbQXvUnAjuFns', 'id': 'Ugzo4E2Uw4pqN1BlM8V4AaABAg.A5CI0svfAxbA5_VUVrPqPc', 'snippet': {'channelId': 'UCeYSnd34IPe57sM8hkjWhrw', 'videoId': 'CPCN1Lqzc2U', 'textDisplay': 'Inchequeable', 'textOriginal': 'Inchequeable', 'parentId': 'Ugzo4E2Uw4pqN1BlM8V4AaABAg', 'authorDisplayName': '@josetriniq', 'authorProfileImageUrl': 'https://yt3.ggpht.com/8jBwl7XVAlp-DezL1H_h71juY7Bow2lgjBMNf0_7M5XWEgJpg0AW1lzIFDjvR9LdSjrSLkVY=s48-c-k-c0x00ffffff-no-rj', 'authorChannelUrl': 'http://www.youtube.com/@josetriniq', 'authorChannelId': {'value': 'UCXyTzuuu6gsPWOCAcuEGNdQ'}, 'canRate': True, 'viewerRating': 'none', 'likeCount': 0, 'publishedAt': '2024-07-07T05:11:51Z', 'updatedAt': '2024-07-07T05:11:51Z'}}, {'kind': 'youtube#comment', 'etag': 'MkAV7X6Vh9nBJxJBzuqTrgGPTaU', 'id': 'Ugzo4E2Uw4pqN1BlM8V4AaABAg.A5CI0svfAxbA7vzQrihlWU', 'snippet': {'channelId': 'UCeYSnd34IPe57sM8hkjWhrw', 'videoId': 'CPCN1Lqzc2U', 'textDisplay': 'La m√°s acertada es muero con mi patria, seguro pensando que con su muerte el pa√≠s desaparec√≠a viendo ya que todos eran asesinados por brasil y el conocimiento del tratado que decia que todos los territorios reclamados serian de ellos, por eso capaz en su cabeza pasaba que Paraguay desaparec√≠a', 'textOriginal': 'La m√°s acertada es muero con mi patria, seguro pensando que con su muerte el pa√≠s desaparec√≠a viendo ya que todos eran asesinados por brasil y el conocimiento del tratado que decia que todos los territorios reclamados serian de ellos, por eso capaz en su cabeza pasaba que Paraguay desaparec√≠a', 'parentId': 'Ugzo4E2Uw4pqN1BlM8V4AaABAg', 'authorDisplayName': '@josebogado2884', 'authorProfileImageUrl': 'https://yt3.ggpht.com/ytc/AIdro_ktf9w-_Y-Ykk2WaCOrvRvto-DqwRfZrCwkWm-etOgO-lhcHcpTYkUtyPAuK6d42C4TAw=s48-c-k-c0x00ffffff-no-rj', 'authorChannelUrl': 'http://www.youtube.com/@josebogado2884', 'authorChannelId': {'value': 'UCUdyL2Rfqjww2xqaWToEQEw'}, 'canRate': True, 'viewerRating': 'none', 'likeCount': 0, 'publishedAt': '2024-09-03T15:48:20Z', 'updatedAt': '2024-09-03T15:48:20Z'}}]"
youtube#commentThread,R7Ska0si-l4WXMxZWQ0Awe-Xvjg,UgzSi20w3cs8T5oXt0N4AaABAg,UCeYSnd34IPe57sM8hkjWhrw,CPCN1Lqzc2U,youtube#comment,gaLX_xI9xGygT_DtT896FxVwdpA,UgzSi20w3cs8T5oXt0N4AaABAg,UCeYSnd34IPe57sM8hkjWhrw,CPCN1Lqzc2U,Realicen m√°s podcasts de am√©rica,Realicen m√°s podcasts de am√©rica,@IsraelAguilar-c9w,https://yt3.ggpht.com/ytc/AIdro_m7heFBUZ7Si0QA1kx1WjdZ_2aPQ3AZUNXFsPX7LUJ1OAOPIt2dM4430mdARXwcc-CmHw=s48-c-k-c0x00ffffff-no-rj,http://www.youtube.com/@IsraelAguilar-c9w,UCwbNuEoVkn1OMHBVkDCOFHg,True,none,0,2024-06-27T18:47:50Z,2024-06-27T18:47:50Z,True,0,True,
youtube#commentThread,AQvt_YMJPVzepohTajKuZC5gl7k,UgzsXHg061b5eKa-y2V4AaABAg,UCeYSnd34IPe57sM8hkjWhrw,CPCN1Lqzc2U,youtube#comment,25_7C04qIWU2ArtSHG9L3YRHRds,UgzsXHg061b5eKa-y2V4AaABAg,UCeYSnd34IPe57sM8hkjWhrw,CPCN1Lqzc2U,Jajaja ya v√≠ como muri√≥ el cesarion ya me voy xD saludos.,Jajaja ya v√≠ como muri√≥ el cesarion ya me voy xD saludos.,@eljogucho8790,https://yt3.ggpht.com/ytc/AIdro_lacMVVpp2CQlNMYF3Ql0XyGGlp684d30-aFIYJaOc=s48-c-k-c0x00ffffff-no-rj,http://www.youtube.com/@eljogucho8790,UCgrrkqQni4exAvXLDWvSqNw,True,none,0,2024-06-27T16:18:24Z,2024-06-27T16:18:24Z,True,0,True,
youtube#commentThread,toAlp00u7t3G_K01IEdIeoRhVJA,UgxFgSY23PWWMQfjUqt4AaABAg,UCeYSnd34IPe57sM8hkjWhrw,CPCN1Lqzc2U,youtube#comment,cBl7wS39Kwrs2jvNa4AZEc79jKk,UgxFgSY23PWWMQfjUqt4AaABAg,UCeYSnd34IPe57sM8hkjWhrw,CPCN1Lqzc2U,"Los paraguayos llevamos toda la vida tenido una relaci√≥n como de perros y gatos con los argentinos cuando en realidad deber√≠amos tener esa relaci√≥n con los Brasile√±os jajaj, es broma üòâ <br>Son cosas que tenemos que dejar donde est√°n, que es el PASADO y que ojal√° no se vuelva a repetir nunca xq si vuelve a pasar eso ahora, Paraguay si que desaparecer√≠a, la econom√≠a que tuvimos antes del guerra de la triple alianza jam√°s volvi√≥ ü•≤<br>Un saludo ü´∂üèªsiempre los escucho en el trabajo.","Los paraguayos llevamos toda la vida tenido una relaci√≥n como de perros y gatos con los argentinos cuando en realidad deber√≠amos tener esa relaci√≥n con los Brasile√±os jajaj, es broma üòâ 
Son cosas que tenemos que dejar donde est√°n, que es el PASADO y que ojal√° no se vuelva a repetir nunca xq si vuelve a pasar eso ahora, Paraguay si que desaparecer√≠a, la econom√≠a que tuvimos antes del guerra de la triple alianza jam√°s volvi√≥ ü•≤
Un saludo ü´∂üèªsiempre los escucho en el trabajo.",@lauraflores7242,https://yt3.ggpht.com/7dNvXW8P-DF3UUHMiv7eYdPD68Afd3MedtTBCnkhdXMzqMlHQIsPQZrnekUMW-sVx6xeDcTeaPk=s48-c-k-c0x00ffffff-no-rj,http://www.youtube.com/@lauraflores7242,UCoFmmEnz6NYhvsCZHW7seZQ,True,none,2,2024-06-27T14:03:52Z,2024-06-27T14:18:06Z,True,0,True,
youtube#commentThread,GAPwwJbEcNMhAOFOYGDKScmcEMo,UgzUnKnNItl61Wevs5l4AaABAg,UCeYSnd34IPe57sM8hkjWhrw,CPCN1Lqzc2U,youtube#comment,KIXyqZ4tg0WbQCJ41B-gWbvh3tE,UgzUnKnNItl61Wevs5l4AaABAg,UCeYSnd34IPe57sM8hkjWhrw,CPCN1Lqzc2U,"Que tal mis estimados, los oigo desde que empezaron con el podcast y nunca me pierdo de sus episodios, ma hacen pasar super agradable el viaje en el metro üòÖ<br>Desde hace mucho que les recomendar sobre que hablaran de los pueblos indio-americanos, casi nadie habla sobre ellos y de su cultura y su tuvieron relaci√≥n con los pueblos mesoamericanos o como eran ellos, ser√≠a cool que le dedicar√°n un episodio a ellos<br>Son geniales","Que tal mis estimados, los oigo desde que empezaron con el podcast y nunca me pierdo de sus episodios, ma hacen pasar super agradable el viaje en el metro üòÖ
Desde hace mucho que les recomendar sobre que hablaran de los pueblos indio-americanos, casi nadie habla sobre ellos y de su cultura y su tuvieron relaci√≥n con los pueblos mesoamericanos o como eran ellos, ser√≠a cool que le dedicar√°n un episodio a ellos
Son geniales",@brianaxeltorresjasso4849,https://yt3.ggpht.com/ytc/AIdro_logWZsE-vIz87n40kB5PiLq6Y1YrSVHehJlXZNgN2tG6Q=s48-c-k-c0x00ffffff-no-rj,http://www.youtube.com/@brianaxeltorresjasso4849,UC8E1OmkfSoqk8uqXkkj4voA,True,none,2,2024-06-27T02:04:45Z,2024-06-27T02:04:45Z,True,0,True,
youtube#commentThread,Ie15-v9-DhhgCybWzUG2lOd6Y9I,UgydJlhI2S_Hs4dXmPF4AaABAg,UCeYSnd34IPe57sM8hkjWhrw,CPCN1Lqzc2U,youtube#comment,nk-106HkFANKx5LzuXZ6i2JoE14,UgydJlhI2S_Hs4dXmPF4AaABAg,UCeYSnd34IPe57sM8hkjWhrw,CPCN1Lqzc2U,Justo me acabo de actualizar ayer con todos los podcast. Y voy a seguirlosnviejdo en YouTube para que puedan monetizar.<br>Hagan historia de Chiapas!!!!! Este lugar es muy confuso,"Justo me acabo de actualizar ayer con todos los podcast. Y voy a seguirlosnviejdo en YouTube para que puedan monetizar.
Hagan historia de Chiapas!!!!! Este lugar es muy confuso",@DanielGarcia-rq9mv,https://yt3.ggpht.com/ytc/AIdro_kauSSNr5qg7MNJ0RhYTZsXVNldEXlVPCnhGq6VLIg=s48-c-k-c0x00ffffff-no-rj,http://www.youtube.com/@DanielGarcia-rq9mv,UCfdPeE_Eu_CkjMdRZ1zGrNw,True,none,0,2024-06-26T12:25:16Z,2024-06-26T12:25:16Z,True,0,True,
youtube#commentThread,ovSMnynkDuotCElPEHqQRLzarsQ,Ugzlbev9x6glV6YNpyN4AaABAg,UCeYSnd34IPe57sM8hkjWhrw,CPCN1Lqzc2U,youtube#comment,4VBmY7G7JSRorPXu5cnzmq2-U_M,Ugzlbev9x6glV6YNpyN4AaABAg,UCeYSnd34IPe57sM8hkjWhrw,CPCN1Lqzc2U,"Un podcast sobre la radio con DIANA URIBE, la mejor radio historiadora de Latinoam√©rica ‚ù§","Un podcast sobre la radio con DIANA URIBE, la mejor radio historiadora de Latinoam√©rica ‚ù§",@KarimVG,https://yt3.ggpht.com/ytc/AIdro_lzLfDaPps2idEoGugx4bIZfliQvjik6XTkKyt5rWZjSaI=s48-c-k-c0x00ffffff-no-rj,http://www.youtube.com/@KarimVG,UC6NhhFTP-lgxKDrb2J3mAgg,True,none,0,2024-06-26T05:30:57Z,2024-06-26T05:30:57Z,True,0,True,
youtube#commentThread,OBKvutlox3aYxsqUhol1KOMTooQ,UgxZXPGB2G4B2mjIRc94AaABAg,UCeYSnd34IPe57sM8hkjWhrw,CPCN1Lqzc2U,youtube#comment,NCxqIkU1FubZjNOZrcX6JwucSj4,UgxZXPGB2G4B2mjIRc94AaABAg,UCeYSnd34IPe57sM8hkjWhrw,CPCN1Lqzc2U,Mi parte favorita de historia para tontos es cuando Iker y Tecate hacen el amor,Mi parte favorita de historia para tontos es cuando Iker y Tecate hacen el amor,@josueestrada6170,https://yt3.ggpht.com/ytc/AIdro_mMN3EMPm3ViIafObzQnzC8O-X7tVuKqE_Vp7Z081tOIcQD=s48-c-k-c0x00ffffff-no-rj,http://www.youtube.com/@josueestrada6170,UCxtF5gYfOjiAI57jnYUZPwQ,True,none,2,2024-06-26T05:25:01Z,2024-06-26T05:25:01Z,True,0,True,
youtube#commentThread,qkuWzKjxKLsdwcY2NQMljLKR2IA,UgxegwKBry62D6nOuy14AaABAg,UCeYSnd34IPe57sM8hkjWhrw,CPCN1Lqzc2U,youtube#comment,1TY0UnP1pW6FWjGzQs7PB6JU4r8,UgxegwKBry62D6nOuy14AaABAg,UCeYSnd34IPe57sM8hkjWhrw,CPCN1Lqzc2U,Jajajaja lo mas random fue escuchar al final ese &quot;que chimba parcero&quot; Saludos desde Medell√≠n,"Jajajaja lo mas random fue escuchar al final ese ""que chimba parcero"" Saludos desde Medell√≠n",@andresacevedo5380,https://yt3.ggpht.com/ytc/AIdro_nJOD3wCG37rh5e6E1PptbsH2OVTlSmrSvFeXgB2lQ=s48-c-k-c0x00ffffff-no-rj,http://www.youtube.com/@andresacevedo5380,UCXiX-HKiVkmfKff0aCYPmGA,True,none,1,2024-06-26T05:01:47Z,2024-06-26T05:01:47Z,True,0,True,
youtube#commentThread,3s2ul-zhoidRP5GAGtwn-880_ic,UgzcehTEBwK8MoP58ut4AaABAg,UCeYSnd34IPe57sM8hkjWhrw,CPCN1Lqzc2U,youtube#comment,mtLp03PvODMuA6ge-FyD1-Yftpg,UgzcehTEBwK8MoP58ut4AaABAg,UCeYSnd34IPe57sM8hkjWhrw,CPCN1Lqzc2U,"Estoy seriamente considerando hacerme patreon solamente para poder ver a Teca (y al Iker, como no?) politizar en modo rant.<br>Que se encabrone el teca alv!!!","Estoy seriamente considerando hacerme patreon solamente para poder ver a Teca (y al Iker, como no?) politizar en modo rant.
Que se encabrone el teca alv!!!",@medinamartinezdavid8052,https://yt3.ggpht.com/-qZlbIVr6TicQjMHl6IrrvJIoUstt9h8iK_rOlDEgexpue7JQ9GwPoNFXwNG4LvrO1ZlFPj3dw=s48-c-k-c0x00ffffff-no-rj,http://www.youtube.com/@medinamartinezdavid8052,UCbTyK6oHehb5LiFiA_DUfQQ,True,none,0,2024-06-26T03:07:57Z,2024-06-26T03:07:57Z,True,0,True,
youtube#commentThread,O9gAvITeB4Ht55iTpqM3vOd12X4,UgwM0ngPa-w9-klozh94AaABAg,UCeYSnd34IPe57sM8hkjWhrw,CPCN1Lqzc2U,youtube#comment,gZYYSOlPbZAOPTdvxm9kFVYn5Dk,UgwM0ngPa-w9-klozh94AaABAg,UCeYSnd34IPe57sM8hkjWhrw,CPCN1Lqzc2U,"Saludos mi estimado mapita sonriente, los sigo desde el podcast 1 han Sido mi desestres cada que los escucho, me gustar√≠a que invitar√° de nuevo al t√≠o cardef, pero a√∫n as√≠ sigan as√≠  un saludo desde el defectuoso (CDMX)","Saludos mi estimado mapita sonriente, los sigo desde el podcast 1 han Sido mi desestres cada que los escucho, me gustar√≠a que invitar√° de nuevo al t√≠o cardef, pero a√∫n as√≠ sigan as√≠  un saludo desde el defectuoso (CDMX)",@Coushed,https://yt3.ggpht.com/ytc/AIdro_kjsi-TJ_OjhhSo4KSozRnNmv7YleB4uUh31kpHzXM=s48-c-k-c0x00ffffff-no-rj,http://www.youtube.com/@Coushed,UCK-IJW3B_hs37NZahV7VWzg,True,none,0,2024-06-26T02:59:58Z,2024-06-26T02:59:58Z,True,0,True,
youtube#commentThread,QqZFbe6aCtXsqE0gOHHkcspuK3Q,UgyuRGHHZVw21E8FYQR4AaABAg,UCeYSnd34IPe57sM8hkjWhrw,CPCN1Lqzc2U,youtube#comment,Yci1cerDEB56HvFTQmnhMQn-nY8,UgyuRGHHZVw21E8FYQR4AaABAg,UCeYSnd34IPe57sM8hkjWhrw,CPCN1Lqzc2U,Deber√≠an de invitar a Juan Miguel Zunzunegui o a Diego Ruzzarin para hablar de Pol√≠tica,Deber√≠an de invitar a Juan Miguel Zunzunegui o a Diego Ruzzarin para hablar de Pol√≠tica,@JuanCarlosAlvarez-tf5ln,https://yt3.ggpht.com/QG51EEdTnMc9s8eNxazWRpTwvzu5KVUPSIkNJvbI_ILA0vLav5ciMyY6euZGNS8tSoclWEkrhhI=s48-c-k-c0x00ffffff-no-rj,http://www.youtube.com/@JuanCarlosAlvarez-tf5ln,UCHo_vngJdvPtJFpHlwpxDFw,True,none,1,2024-06-26T02:57:08Z,2024-06-26T02:57:08Z,True,1,True,"[{'kind': 'youtube#comment', 'etag': 'EZdgAPD8IjHelMnv3p58Dmq9_YA', 'id': 'UgyuRGHHZVw21E8FYQR4AaABAg.A57wK6V-xwPA57xnI9lvws', 'snippet': {'channelId': 'UCeYSnd34IPe57sM8hkjWhrw', 'videoId': 'CPCN1Lqzc2U', 'textDisplay': 'Totalmente, lo he escuchado y he le√≠do parte de su trabajo y es divertido y muy muy bueno jajaja', 'textOriginal': 'Totalmente, lo he escuchado y he le√≠do parte de su trabajo y es divertido y muy muy bueno jajaja', 'parentId': 'UgyuRGHHZVw21E8FYQR4AaABAg', 'authorDisplayName': '@amilkariliammontielmolina9298', 'authorProfileImageUrl': 'https://yt3.ggpht.com/ytc/AIdro_lFTMfXRN71f0h-E4HpaSZDmsLKuVcE_yyfLoREXPMew0Ua=s48-c-k-c0x00ffffff-no-rj', 'authorChannelUrl': 'http://www.youtube.com/@amilkariliammontielmolina9298', 'authorChannelId': {'value': 'UC9vr8wOEhLkL28Ch1JzYRiA'}, 'canRate': True, 'viewerRating': 'none', 'likeCount': 1, 'publishedAt': '2024-06-26T03:10:00Z', 'updatedAt': '2024-06-26T03:10:00Z'}}]"
youtube#commentThread,rTbdcIF89dJ3nKgHWhfZRZvgrLk,UgxOjFqR2jTS38B_-2p4AaABAg,UCeYSnd34IPe57sM8hkjWhrw,CPCN1Lqzc2U,youtube#comment,ucuej61W7KzEF2VuMHqwKeUXeGs,UgxOjFqR2jTS38B_-2p4AaABAg,UCeYSnd34IPe57sM8hkjWhrw,CPCN1Lqzc2U,"Me encanta o√≠rlo pero la verdad como lo que me interesa es la historia le adelanto unos minutos a todos los saludos, jajaja. Pero que bueno que se tomen el tiempo de convivir con sus oyentes.","Me encanta o√≠rlo pero la verdad como lo que me interesa es la historia le adelanto unos minutos a todos los saludos, jajaja. Pero que bueno que se tomen el tiempo de convivir con sus oyentes.",@TeteCaudillo,https://yt3.ggpht.com/ytc/AIdro_nMSd45l15kS6U6-xjeK932LS2pv4D3uXh_GzuFTVcRZQ=s48-c-k-c0x00ffffff-no-rj,http://www.youtube.com/@TeteCaudillo,UCGqayZEBfvKOSshyb0-0Weg,True,none,0,2024-06-26T01:09:30Z,2024-06-26T01:09:30Z,True,0,True,
youtube#commentThread,Gzv6UiiSTtnM9Q9TP6I8Rh0hED8,UgyGT-JPzVnhU-rvwwx4AaABAg,UCeYSnd34IPe57sM8hkjWhrw,CPCN1Lqzc2U,youtube#comment,OFc3p-YnoC-J7g4WHqUxnVVol04,UgyGT-JPzVnhU-rvwwx4AaABAg,UCeYSnd34IPe57sM8hkjWhrw,CPCN1Lqzc2U,Justamente termine la primera parte de la guerra de la alianza y hoy sacan este episodio,Justamente termine la primera parte de la guerra de la alianza y hoy sacan este episodio,@rogeralday7922,https://yt3.ggpht.com/ytc/AIdro_kK32BC2QOoejZdvoQCZgIxGyBaxfPd4wfz0S5Ek_TfJg=s48-c-k-c0x00ffffff-no-rj,http://www.youtube.com/@rogeralday7922,UCSP4ganqdZpNvEQ0Gnucmjw,True,none,1,2024-06-26T01:07:48Z,2024-06-26T01:07:48Z,True,0,True,
youtube#commentThread,u1H4CsaIiUCVN1_zPkSqipFEA3w,Ugx8GaPK8-EOACzYK5N4AaABAg,UCeYSnd34IPe57sM8hkjWhrw,CPCN1Lqzc2U,youtube#comment,lqOTbUB01X3MofbRX6_yyzA-8jE,Ugx8GaPK8-EOACzYK5N4AaABAg,UCeYSnd34IPe57sM8hkjWhrw,CPCN1Lqzc2U,Solo ellos pudieron convertir una tragedia en una referencia a HaloüòÇ,Solo ellos pudieron convertir una tragedia en una referencia a HaloüòÇ,@josuemanjarrez1404,https://yt3.ggpht.com/ytc/AIdro_mdYQbxZTyW2GRgwkVRvzwskSkxNvJvKBrj0Sb97GuBug=s48-c-k-c0x00ffffff-no-rj,http://www.youtube.com/@josuemanjarrez1404,UCwh5ATmLuUPNRLPIZ-eFLmw,True,none,0,2024-06-26T01:04:39Z,2024-06-26T01:04:39Z,True,0,True,
youtube#commentThread,gSCX2-N3u-kNtea--zhlMBXgxUA,Ugwp5sgj35KIpbinR5Z4AaABAg,UCeYSnd34IPe57sM8hkjWhrw,CPCN1Lqzc2U,youtube#comment,Lkdos53QhmXqCXKenfGis9a2yEc,Ugwp5sgj35KIpbinR5Z4AaABAg,UCeYSnd34IPe57sM8hkjWhrw,CPCN1Lqzc2U,"Hola! Llevo poco de verlos, me encanta como platican los hechos hist√≥ricos y su punto de vista. Espero que hagan la historia de Doroteo Arango (Francisco Villa)","Hola! Llevo poco de verlos, me encanta como platican los hechos hist√≥ricos y su punto de vista. Espero que hagan la historia de Doroteo Arango (Francisco Villa)",@moisesnavaenriquez7714,https://yt3.ggpht.com/ytc/AIdro_k-wAoiRZ2Xb1cXMr4pysj0H0BEEQHFwWUzG3HWHtE=s48-c-k-c0x00ffffff-no-rj,http://www.youtube.com/@moisesnavaenriquez7714,UCXFMzSDDNpANnZvhQh_Fs5g,True,none,1,2024-06-25T23:36:01Z,2024-06-25T23:36:01Z,True,0,True,
youtube#commentThread,XjFBVIqaVeiYjgoch28oG5_V4eI,UgzYZsykxbjh2CQFKjV4AaABAg,UCeYSnd34IPe57sM8hkjWhrw,CPCN1Lqzc2U,youtube#comment,pRbFBkx1VK0MdKU3A-mJy_UYGLY,UgzYZsykxbjh2CQFKjV4AaABAg,UCeYSnd34IPe57sM8hkjWhrw,CPCN1Lqzc2U,Meeeen crei que nom√°s los jud√≠os mataban ni√±os a diestra y siniestra,Meeeen crei que nom√°s los jud√≠os mataban ni√±os a diestra y siniestra,@Mr6106552,https://yt3.ggpht.com/ytc/AIdro_ma03iOViJa4DEpqlyA3VI5Rngj5LWL3NCYCMDxYq8=s48-c-k-c0x00ffffff-no-rj,http://www.youtube.com/@Mr6106552,UCCEijmLjmq0TXN4MHlLSGMg,True,none,0,2024-06-25T23:27:39Z,2024-06-25T23:27:39Z,True,0,True,
youtube#commentThread,28MSavKovJjMHoWoZAlAVCdao6U,UgwssLhbj7d-WNTSqeF4AaABAg,UCeYSnd34IPe57sM8hkjWhrw,CPCN1Lqzc2U,youtube#comment,EEhf7f0BJTVFT9alNolEUCQRjeI,UgwssLhbj7d-WNTSqeF4AaABAg,UCeYSnd34IPe57sM8hkjWhrw,CPCN1Lqzc2U,Tecayehuatzin eres un simp no mmss,Tecayehuatzin eres un simp no mmss,@aldebarandelabarre5259,https://yt3.ggpht.com/ytc/AIdro_n0P3r2dt_xOW7IMpld2RrxGBWw0u14CCrewTD_k6rGgh-rAJJjEjQc9tcAQhDqX28vZA=s48-c-k-c0x00ffffff-no-rj,http://www.youtube.com/@aldebarandelabarre5259,UC6c-g2UNgB2jT0AkI7-q0Ww,True,none,0,2024-06-25T23:11:17Z,2024-06-25T23:11:17Z,True,0,True,
youtube#commentThread,o_hCZ2qJCtWnwJIQyDljzSqcVIs,Ugwm2cV-DN_svr358dR4AaABAg,UCeYSnd34IPe57sM8hkjWhrw,CPCN1Lqzc2U,youtube#comment,WVttyHhGx3y4kgYLrK-QP98JA3Q,Ugwm2cV-DN_svr358dR4AaABAg,UCeYSnd34IPe57sM8hkjWhrw,CPCN1Lqzc2U,"sececionista, es los que se separan, cesionista es los que ceden","sececionista, es los que se separan, cesionista es los que ceden",@aguilahaast,https://yt3.ggpht.com/ytc/AIdro_m9Lvsz7oQhhhPOTZuTTBW8kPCD_PACW54um7FYXEw=s48-c-k-c0x00ffffff-no-rj,http://www.youtube.com/@aguilahaast,UCJ842WeXQH2I3du1njFlUcg,True,none,0,2024-06-25T22:23:03Z,2024-06-25T22:24:01Z,True,0,True,
youtube#commentThread,lCzwINYllD0YU2MkyTMpFfybWUA,UgylrmAfR4nmTcIeEUB4AaABAg,UCeYSnd34IPe57sM8hkjWhrw,CPCN1Lqzc2U,youtube#comment,E0AXlZ7lURdO46-Q0SlDBrDeWYk,UgylrmAfR4nmTcIeEUB4AaABAg,UCeYSnd34IPe57sM8hkjWhrw,CPCN1Lqzc2U,Hagan un podcast hablando de la familia Borgia por favor.,Hagan un podcast hablando de la familia Borgia por favor.,@RavenGreyLugosi,https://yt3.ggpht.com/dgzcws7Sc6UHSDO11rwccu8RlaPxBoj-VlJV7FHInOXU-vSgcdFnoL5PZwx9rV95mUXHPyt8=s48-c-k-c0x00ffffff-no-rj,http://www.youtube.com/@RavenGreyLugosi,UC2P4WX0L0ilyF3XuXC0dAlA,True,none,2,2024-06-25T19:50:45Z,2024-06-25T19:50:45Z,True,0,True,
youtube#commentThread,caC2MzBrgyYKZjm9KoJTqOROwhA,UgxR4vv1ZkTkwy3VUGN4AaABAg,UCeYSnd34IPe57sM8hkjWhrw,CPCN1Lqzc2U,youtube#comment,P2re21jBaAbAQdeP1JruZNT3WVA,UgxR4vv1ZkTkwy3VUGN4AaABAg,UCeYSnd34IPe57sM8hkjWhrw,CPCN1Lqzc2U,"<a href=""https://www.youtube.com/watch?v=CPCN1Lqzc2U&amp;t=354"">5:54</a> NO es demanda por genocidio, es demanda por Cr√≠menes de lesa humanidad","5:54 NO es demanda por genocidio, es demanda por Cr√≠menes de lesa humanidad",@SpdWonder,https://yt3.ggpht.com/ytc/AIdro_k1CywDmpcjaXKfDwaEVY8R-7ICl3Pu4JNUDgqgwf8dSJA=s48-c-k-c0x00ffffff-no-rj,http://www.youtube.com/@SpdWonder,UCvkr9ddfXK0cJ56hcasgTMQ,True,none,0,2024-06-25T19:25:31Z,2024-06-25T19:25:31Z,True,0,True,
youtube#commentThread,QyzsaHb5mkWmz6uJzEkNSO04Pac,Ugx_bSSEMnmawA_bLOd4AaABAg,UCeYSnd34IPe57sM8hkjWhrw,CPCN1Lqzc2U,youtube#comment,VAHUoRm76qkuaaBhsCUI3z2-BuE,Ugx_bSSEMnmawA_bLOd4AaABAg,UCeYSnd34IPe57sM8hkjWhrw,CPCN1Lqzc2U,Hablen de la guerra del pacifico de Chile contra Per√∫ y Bolivia. Le chingam@ la madre. Saludos desde chile,Hablen de la guerra del pacifico de Chile contra Per√∫ y Bolivia. Le chingam@ la madre. Saludos desde chile,@sergiolopez2882,https://yt3.ggpht.com/ytc/AIdro_lq6THB01VwTqgYqMsLHcJRcy9O6aHIhUIAgXVPqhhfZVQ=s48-c-k-c0x00ffffff-no-rj,http://www.youtube.com/@sergiolopez2882,UCtJHvWUinGlfrDgwlZ5exSQ,True,none,0,2024-06-25T18:32:38Z,2024-06-25T18:32:38Z,True,0,True,
youtube#commentThread,488Iedtg1ppDFYkXZFgYOpAfmX8,UgwAK9aGqS1I-4w-5a54AaABAg,UCeYSnd34IPe57sM8hkjWhrw,CPCN1Lqzc2U,youtube#comment,1NW6LoP5WtibGLHQHr60j5LNkkE,UgwAK9aGqS1I-4w-5a54AaABAg,UCeYSnd34IPe57sM8hkjWhrw,CPCN1Lqzc2U,"Siempre esuccho el podcast cuando voy a recojer a mi novia de su trabajo. Me encantar√≠a que hicieron cap√≠tulos de leyendas, como la llorona, el ixta, el charro negro","Siempre esuccho el podcast cuando voy a recojer a mi novia de su trabajo. Me encantar√≠a que hicieron cap√≠tulos de leyendas, como la llorona, el ixta, el charro negro",@jpbloger2525,https://yt3.ggpht.com/ytc/AIdro_mkt97Ts0uZBdfgDsaiPDlOGEed_pxlGyife1Stf_A5zNcP=s48-c-k-c0x00ffffff-no-rj,http://www.youtube.com/@jpbloger2525,UCIGGd9AorMNAORzXTjL1keg,True,none,2,2024-06-25T18:19:11Z,2024-06-25T18:19:11Z,True,1,True,"[{'kind': 'youtube#comment', 'etag': 'vjcoz5l3f1ZYPW7uGYA_QeppLrM', 'id': 'UgwAK9aGqS1I-4w-5a54AaABAg.A5702XS0o96A5Bzh-zg4PG', 'snippet': {'channelId': 'UCeYSnd34IPe57sM8hkjWhrw', 'videoId': 'CPCN1Lqzc2U', 'textDisplay': 'Ahuevo, leyendas para tontos', 'textOriginal': 'Ahuevo, leyendas para tontos', 'parentId': 'UgwAK9aGqS1I-4w-5a54AaABAg', 'authorDisplayName': '@jorgebarrera4630', 'authorProfileImageUrl': 'https://yt3.ggpht.com/ytc/AIdro_lKmc8lC436i0AfUhL5NKr26a74OPGFX_QF-SQBnhQ=s48-c-k-c0x00ffffff-no-rj', 'authorChannelUrl': 'http://www.youtube.com/@jorgebarrera4630', 'authorChannelId': {'value': 'UC9YQxucUEDTUmkgMkocJ7Gw'}, 'canRate': True, 'viewerRating': 'none', 'likeCount': 0, 'publishedAt': '2024-06-27T16:43:34Z', 'updatedAt': '2024-06-27T16:43:34Z'}}]"
youtube#commentThread,CCG2siKznH7Zhaj5_C0_u28YN-0,UgwHw472bk5mRpo1mrJ4AaABAg,UCeYSnd34IPe57sM8hkjWhrw,CPCN1Lqzc2U,youtube#comment,iorzc0WzCx11aZa8qWp1af08jK0,UgwHw472bk5mRpo1mrJ4AaABAg,UCeYSnd34IPe57sM8hkjWhrw,CPCN1Lqzc2U,No hay chat?‚ùå,No hay chat?‚ùå,@alean6852,https://yt3.ggpht.com/ytc/AIdro_mTdIEV16o4CmQFlYZ07aIPTTqiCdggnwj6MqjM4zO9_OU=s48-c-k-c0x00ffffff-no-rj,http://www.youtube.com/@alean6852,UCYXU9yW1AaXiNTxZkS8RC4g,True,none,0,2024-06-25T17:41:43Z,2024-06-25T17:41:43Z,True,0,True,
youtube#commentThread,rLLIDePft8Mq3XkJW3lFPFhwCPk,UgwjknaiwudUK6AgFMF4AaABAg,UCeYSnd34IPe57sM8hkjWhrw,CPCN1Lqzc2U,youtube#comment,OVbhZ614nN937QQHqE2419_nF34,UgwjknaiwudUK6AgFMF4AaABAg,UCeYSnd34IPe57sM8hkjWhrw,CPCN1Lqzc2U,"Saludos a Teca e √çker, de su seguidora n√∫mero uno!!! ‚ù§ es la primera vez que los veo en vivo üòÖ","Saludos a Teca e √çker, de su seguidora n√∫mero uno!!! ‚ù§ es la primera vez que los veo en vivo üòÖ",@xilonenlunaruiz4395,https://yt3.ggpht.com/ytc/AIdro_mpW0I2NKe28YG5om6kdOLN1O11PeDvXKIYfV7qsXw=s48-c-k-c0x00ffffff-no-rj,http://www.youtube.com/@xilonenlunaruiz4395,UC6SQOns8f35v88YVWwdDsHQ,True,none,0,2024-06-25T17:38:28Z,2024-06-25T17:38:28Z,True,0,True,
youtube#commentThread,oGxIGWJgtz8ibKEvYTLn2ghbBA0,UgyFV0F8ObMPb1S_iDZ4AaABAg,UCeYSnd34IPe57sM8hkjWhrw,CPCN1Lqzc2U,youtube#comment,3jGxa8aV-xn2e1wt4-wBqahkKTw,UgyFV0F8ObMPb1S_iDZ4AaABAg,UCeYSnd34IPe57sM8hkjWhrw,CPCN1Lqzc2U,Saludanding!! :v,Saludanding!! :v,@LeandroCetz,https://yt3.ggpht.com/ytc/AIdro_l2n6YSs_OBJnNJ0sctB8M87gNBMWHyeRdg7XLhA3a59YMJ=s48-c-k-c0x00ffffff-no-rj,http://www.youtube.com/@LeandroCetz,UCiqDdOP4VOeg1YH0gmaVlYg,True,none,0,2024-06-25T17:13:46Z,2024-06-25T17:13:46Z,True,0,True,
youtube#commentThread,2VjEHgtiU6TPewyIYiBr4S0s1lI,UgzOTJ55urQAvDVOByJ4AaABAg,UCeYSnd34IPe57sM8hkjWhrw,CPCN1Lqzc2U,youtube#comment,rjEcjSc0ARMCk5UCjLj5Z7_v_Oo,UgzOTJ55urQAvDVOByJ4AaABAg,UCeYSnd34IPe57sM8hkjWhrw,CPCN1Lqzc2U,Si teca no te enojes te van a salir canas üòÇüòÇüòÇ,Si teca no te enojes te van a salir canas üòÇüòÇüòÇ,@MonseGarcia-eg5li,https://yt3.ggpht.com/JtgMwNvTybLtvGDwKhhoW_2KwC7acu21zAcLCRuYN-3_cltwKscUhFVvwxExN2H5AqrmsEVkI1w=s48-c-k-c0x00ffffff-no-rj,http://www.youtube.com/@MonseGarcia-eg5li,UCxclJjWMdqDTNf46ly7mI_Q,True,none,1,2024-06-25T17:08:18Z,2024-06-25T17:08:18Z,True,0,True,
youtube#commentThread,GtU-xkwzjeMXwuzFx1A2SgUV5Yo,Ugyrna1zvRGtdFts-g54AaABAg,UCeYSnd34IPe57sM8hkjWhrw,CPCN1Lqzc2U,youtube#comment,4fGMNmzHS6PsQkzxdWfTKvhZIhY,Ugyrna1zvRGtdFts-g54AaABAg,UCeYSnd34IPe57sM8hkjWhrw,CPCN1Lqzc2U,Hola üëãüòö,Hola üëãüòö,@MonseGarcia-eg5li,https://yt3.ggpht.com/JtgMwNvTybLtvGDwKhhoW_2KwC7acu21zAcLCRuYN-3_cltwKscUhFVvwxExN2H5AqrmsEVkI1w=s48-c-k-c0x00ffffff-no-rj,http://www.youtube.com/@MonseGarcia-eg5li,UCxclJjWMdqDTNf46ly7mI_Q,True,none,0,2024-06-25T17:00:50Z,2024-06-25T17:00:50Z,True,0,True,
